{
  "ColorReference": {
    "black": {
      "r": 29,
      "g": 29,
      "b": 33,
      "a": 200
    },
    "red": {
      "r": 176,
      "g": 46,
      "b": 38,
      "a": 200
    },
    "green": {
      "r": 94,
      "g": 124,
      "b": 22,
      "a": 200
    },
    "brown": {
      "r": 131,
      "g": 84,
      "b": 50,
      "a": 200
    },
    "blue": {
      "r": 60,
      "g": 68,
      "b": 170,
      "a": 200
    },
    "purple": {
      "r": 137,
      "g": 50,
      "b": 184,
      "a": 200
    },
    "cyan": {
      "r": 22,
      "g": 156,
      "b": 156,
      "a": 200
    },
    "light_gray": {
      "r": 157,
      "g": 157,
      "b": 151,
      "a": 200
    },
    "gray": {
      "r": 71,
      "g": 79,
      "b": 82,
      "a": 200
    },
    "pink": {
      "r": 243,
      "g": 139,
      "b": 170,
      "a": 200
    },
    "lime": {
      "r": 128,
      "g": 199,
      "b": 31,
      "a": 200
    },
    "yellow": {
      "r": 254,
      "g": 216,
      "b": 61,
      "a": 200
    },
    "light_blue": {
      "r": 58,
      "g": 179,
      "b": 218,
      "a": 200
    },
    "magenta": {
      "r": 199,
      "g": 78,
      "b": 189,
      "a": 200
    },
    "orange": {
      "r": 249,
      "g": 128,
      "b": 29,
      "a": 200
    },
    "white": {
      "r": 249,
      "g": 255,
      "b": 254,
      "a": 200
    },
    "dark_blue": {
      "r": 0,
      "g": 0,
      "b": 204,
      "a": 200
    },
    "boricGreen": {
      "r": 41,
      "g": 200,
      "b": 50,
      "a": 50
    },
    "brightWhite": {
      "r": 150,
      "g": 150,
      "b": 150,
      "a": 50
    },
    "corundumBlack": {
      "r": 106,
      "g": 104,
      "b": 114,
      "a": 200
    },
    "corundumBlue": {
      "r": 64,
      "g": 197,
      "b": 235,
      "a": 200
    },
    "corundumGreen": {
      "r": 75,
      "g": 203,
      "b": 8,
      "a": 200
    },
    "corundumIndigo": {
      "r": 97,
      "g": 99,
      "b": 230,
      "a": 200
    },
    "corundumOrange": {
      "r": 240,
      "g": 127,
      "b": 0,
      "a": 200
    },
    "corundumRed": {
      "r": 255,
      "g": 37,
      "b": 68,
      "a": 200
    },
    "corundumViolet": {
      "r": 209,
      "g": 8,
      "b": 150,
      "a": 200
    },
    "corundumWhite": {
      "r": 215,
      "g": 226,
      "b": 237,
      "a": 200
    },
    "corundumYellow": {
      "r": 255,
      "g": 234,
      "b": 0,
      "a": 200
    },
    "darkPink": {
      "r": 120,
      "g": 24,
      "b": 70,
      "a": 200
    },
    "endPink": {
      "r": 100,
      "g": 26,
      "b": 99,
      "a": 200
    },
    "faintBlue": {
      "r": 27,
      "g": 75,
      "b": 110,
      "a": 50
    },
    "faintOrange": {
      "r": 120,
      "g": 55,
      "b": 0,
      "a": 50
    },
    "faintRed": {
      "r": 120,
      "g": 26,
      "b": 0,
      "a": 150
    },
    "faintWhite": {
      "r": 64,
      "g": 64,
      "b": 64,
      "a": 50
    },
    "glowstoneOrange": {
      "r": 255,
      "g": 100,
      "b": 0,
      "a": 50
    },
    "magmaRed": {
      "r": 255,
      "g": 26,
      "b": 0,
      "a": 150
    },
    "ochre": {
      "r": 150,
      "g": 85,
      "b": 0,
      "a": 50
    },
    "pastelOrange": {
      "r": 115,
      "g": 69,
      "b": 36,
      "a": 50
    },
    "pastelPurple": {
      "r": 150,
      "g": 75,
      "b": 255,
      "a": 255
    },
    "pearlescent": {
      "r": 50,
      "g": 0,
      "b": 100,
      "a": 50
    },
    "portalPurple": {
      "r": 47,
      "g": 2,
      "b": 187,
      "a": 200
    },
    "redstoneRed": {
      "r": 255,
      "g": 0,
      "b": 0,
      "a": 200
    },
    "shroomRed": {
      "r": 255,
      "g": 80,
      "b": 50,
      "a": 50
    },
    "soulBlue": {
      "r": 0,
      "g": 140,
      "b": 236,
      "a": 150
    },
    "soulGreen": {
      "r": 0,
      "g": 211,
      "b": 200,
      "a": 50
    },
    "verdant": {
      "r": 56,
      "g": 100,
      "b": 43,
      "a": 50
    }
  },
  "LightBlock": [
    {
      "block": "blue_skies:brumble_vine_top",
      "color": "#blue",
      "radius": 10
    },
    {
      "block": "blue_skies:brumble_lantern",
      "color": "#blue",
      "radius": 10
    },
    {
      "block": "blue_skies:everbright_moonstone_ore",
      "color": "#blue",
      "radius": 5
    },
    {
      "block": "blue_skies:cinderstone",
      "color": "#blue",
      "radius": 3
    },
    {
      "block": "blue_skies:polished_cinderstone",
      "color": "#blue",
      "radius": 3
    },
    {
      "block": "blue_skies:vitreous_moonstone",
      "color": "#blue",
      "radius": 3
    },
    {
      "block": "blue_skies:everdawn_moonstone_ore",
      "color": "#blue",
      "radius": 5
    },
    {
      "block": "blue_skies:moonstone_block",
      "color": "#blue",
      "radius": 10
    },
    {
      "block": "blue_skies:sunstone_block",
      "color": "#blue",
      "radius": 10
    },
    {
      "block": "blue_skies:moonstone",
      "color": "#blue",
      "radius": 10
    },
    {
      "block": "blue_skies:moonstone_lantern",
      "color": "#blue",
      "radius": 10
    },
    {
      "block": "blue_skies:star_flare",
      "color": "#blue",
      "radius": 10
    },
    {
      "block": "blue_skies:blue_fire",
      "color": "#blue",
      "radius": 10
    },
    {
      "block": "blue_skies:black_fire",
      "color": "#black",
      "radius": 5
    },
    {
      "block": "blue_skies:upsidedown_blue_fire",
      "color": "#blue",
      "radius": 10
    },
    {
      "block": "blue_skies:upsidedown_black_fire",
      "color": "#black",
      "radius": 5
    },
    {
      "block": "blue_skies:warding_pearl",
      "color": "#blue",
      "radius": 2
    },
    {
      "block": "blue_skies:wall_warding_pearl",
      "color": "#blue",
      "radius": 2
    },
    {
      "block": "blue_skies:moonstone_crystal",
      "color": "#blue",
      "radius": 5
    },
    {
      "block": "blue_skies:sunstone_crystal",
      "color": "#blue",
      "radius": 5
    },
    {
      "block": "blue_skies:everbright_portal",
      "color": "#blue",
      "radius": 7
    },
    {
      "block": "blue_skies:everdawn_portal",
      "color": "#blue",
      "radius": 7
    },
    {
      "block": "blue_skies:snowcap_oven",
      "color": "#blue",
      "radius": 9,
      "state": {
        "lit": "true"
      }
    },
    {
      "block": "blue_skies:snowcap_oven",
      "color": "#blue",
      "radius": 0,
      "state": {
        "lit": "false"
      }
    },
    {
      "block": "blue_skies:horizonite_forge",
      "color": "#blue",
      "radius": 9,
      "state": {
        "lit": "true"
      }
    },
    {
      "block": "blue_skies:horizonite_forge",
      "color": "#blue",
      "radius": 0,
      "state": {
        "lit": "false"
      }
    },
    {
      "block": "blue_skies:glowing_blinding_stone",
      "color": "#blue",
      "radius": 10
    },
    {
      "block": "blue_skies:glowing_blinding_stairs",
      "color": "#blue",
      "radius": 10
    },
    {
      "block": "blue_skies:glowing_blinding_slab",
      "color": "#blue",
      "radius": 10
    },
    {
      "block": "blue_skies:glowing_blinding_wall",
      "color": "#blue",
      "radius": 10
    },
    {
      "block": "blue_skies:glowing_nature_stone",
      "color": "#blue",
      "radius": 10
    },
    {
      "block": "blue_skies:glowing_nature_stonebrick",
      "color": "#blue",
      "radius": 10
    },
    {
      "block": "blue_skies:glowing_nature_stone_stairs",
      "color": "#blue",
      "radius": 10
    },
    {
      "block": "blue_skies:glowing_nature_stonebrick_stairs",
      "color": "#blue",
      "radius": 10
    },
    {
      "block": "blue_skies:glowing_nature_stone_slab",
      "color": "#blue",
      "radius": 10
    },
    {
      "block": "blue_skies:glowing_nature_stonebrick_slab",
      "color": "#blue",
      "radius": 10
    },
    {
      "block": "blue_skies:glowing_nature_stonebrick_wall",
      "color": "#blue",
      "radius": 10
    },
    {
      "block": "blue_skies:glowing_poison_stone",
      "color": "#blue",
      "radius": 5
    },
    {
      "block": "blue_skies:glowing_poison_stone_stairs",
      "color": "#blue",
      "radius": 5
    },
    {
      "block": "blue_skies:glowing_poison_stone_slab",
      "color": "#blue",
      "radius": 5
    },
    {
      "block": "blue_skies:glowing_aquatic_stone",
      "color": "#blue",
      "radius": 10
    },
    {
      "block": "blue_skies:glowing_aquatic_stairs",
      "color": "#blue",
      "radius": 10
    },
    {
      "block": "blue_skies:glowing_aquatic_slab",
      "color": "#blue",
      "radius": 10
    },
    {
      "block": "blue_skies:glowing_aquatic_wall",
      "color": "#blue",
      "radius": 10
    },
    {
      "block": "blue_skies:glowing_life_stone",
      "color": "#blue",
      "radius": 10
    },
    {
      "block": "blue_skies:glowing_life_stairs",
      "color": "#blue",
      "radius": 10
    },
    {
      "block": "blue_skies:glowing_life_slab",
      "color": "#blue",
      "radius": 10
    },
    {
      "block": "blue_skies:glowing_life_wall",
      "color": "#blue",
      "radius": 10
    },
    {
      "block": "blue_skies:cinderstone_slab",
      "color": "#blue",
      "radius": 3
    },
    {
      "block": "blue_skies:polished_cinderstone_slab",
      "color": "#blue",
      "radius": 3
    },
    {
      "block": "blue_skies:cinderstone_wall",
      "color": "#blue",
      "radius": 3
    },
    {
      "block": "blue_skies:polished_cinderstone_wall",
      "color": "#blue",
      "radius": 3
    },
    {
      "block": "blue_skies:cinderstone_stairs",
      "color": "#blue",
      "radius": 3
    },
    {
      "block": "blue_skies:polished_cinderstone_stairs",
      "color": "#blue",
      "radius": 3
    }
  ],
  "LightItem": [],
  "Bloom": [
    {
      "particle": "blue_skies:blue_flame"
    },
    {
      "particle": "blue_skies:black_flame"
    },
    {
      "particle": "blue_skies:everbright_portal"
    },
    {
      "particle": "blue_skies:everdawn_portal"
    },
    {
      "particle": "blue_skies:star_flare"
    },
    {
      "particle": "blue_skies:fluctuant_sphere"
    },
    {
      "particle": "blue_skies:fluctuant_sphere_beam"
    },
    {
      "particle": "blue_skies:star_glimmer"
    }
  ]
}