{
  "ColorReference": {
    "black": {
      "r": 29,
      "g": 29,
      "b": 33,
      "a": 200
    },
    "red": {
      "r": 176,
      "g": 46,
      "b": 38,
      "a": 200
    },
    "green": {
      "r": 94,
      "g": 124,
      "b": 22,
      "a": 200
    },
    "brown": {
      "r": 131,
      "g": 84,
      "b": 50,
      "a": 200
    },
    "blue": {
      "r": 60,
      "g": 68,
      "b": 170,
      "a": 200
    },
    "purple": {
      "r": 137,
      "g": 50,
      "b": 184,
      "a": 200
    },
    "cyan": {
      "r": 22,
      "g": 156,
      "b": 156,
      "a": 200
    },
    "light_gray": {
      "r": 157,
      "g": 157,
      "b": 151,
      "a": 200
    },
    "gray": {
      "r": 71,
      "g": 79,
      "b": 82,
      "a": 200
    },
    "pink": {
      "r": 243,
      "g": 139,
      "b": 170,
      "a": 200
    },
    "lime": {
      "r": 128,
      "g": 199,
      "b": 31,
      "a": 200
    },
    "yellow": {
      "r": 254,
      "g": 216,
      "b": 61,
      "a": 200
    },
    "light_blue": {
      "r": 58,
      "g": 179,
      "b": 218,
      "a": 200
    },
    "magenta": {
      "r": 199,
      "g": 78,
      "b": 189,
      "a": 200
    },
    "orange": {
      "r": 249,
      "g": 128,
      "b": 29,
      "a": 200
    },
    "white": {
      "r": 249,
      "g": 255,
      "b": 254,
      "a": 200
    },
    "dark_blue": {
      "r": 0,
      "g": 0,
      "b": 204,
      "a": 200
    },
    "boricGreen": {
      "r": 41,
      "g": 200,
      "b": 50,
      "a": 50
    },
    "brightWhite": {
      "r": 150,
      "g": 150,
      "b": 150,
      "a": 50
    },
    "corundumBlack": {
      "r": 106,
      "g": 104,
      "b": 114,
      "a": 200
    },
    "corundumBlue": {
      "r": 64,
      "g": 197,
      "b": 235,
      "a": 200
    },
    "corundumGreen": {
      "r": 75,
      "g": 203,
      "b": 8,
      "a": 200
    },
    "corundumIndigo": {
      "r": 97,
      "g": 99,
      "b": 230,
      "a": 200
    },
    "corundumOrange": {
      "r": 240,
      "g": 127,
      "b": 0,
      "a": 200
    },
    "corundumRed": {
      "r": 255,
      "g": 37,
      "b": 68,
      "a": 200
    },
    "corundumViolet": {
      "r": 209,
      "g": 8,
      "b": 150,
      "a": 200
    },
    "corundumWhite": {
      "r": 215,
      "g": 226,
      "b": 237,
      "a": 200
    },
    "corundumYellow": {
      "r": 255,
      "g": 234,
      "b": 0,
      "a": 200
    },
    "darkPink": {
      "r": 120,
      "g": 24,
      "b": 70,
      "a": 200
    },
    "endPink": {
      "r": 100,
      "g": 26,
      "b": 99,
      "a": 200
    },
    "faintBlue": {
      "r": 27,
      "g": 75,
      "b": 110,
      "a": 50
    },
    "faintOrange": {
      "r": 120,
      "g": 55,
      "b": 0,
      "a": 50
    },
    "faintRed": {
      "r": 120,
      "g": 26,
      "b": 0,
      "a": 150
    },
    "faintWhite": {
      "r": 64,
      "g": 64,
      "b": 64,
      "a": 50
    },
    "glowstoneOrange": {
      "r": 255,
      "g": 100,
      "b": 0,
      "a": 50
    },
    "magmaRed": {
      "r": 255,
      "g": 26,
      "b": 0,
      "a": 150
    },
    "ochre": {
      "r": 150,
      "g": 85,
      "b": 0,
      "a": 50
    },
    "pastelOrange": {
      "r": 115,
      "g": 69,
      "b": 36,
      "a": 50
    },
    "pastelPurple": {
      "r": 150,
      "g": 75,
      "b": 255,
      "a": 255
    },
    "pearlescent": {
      "r": 50,
      "g": 0,
      "b": 100,
      "a": 50
    },
    "portalPurple": {
      "r": 47,
      "g": 2,
      "b": 187,
      "a": 200
    },
    "redstoneRed": {
      "r": 255,
      "g": 0,
      "b": 0,
      "a": 200
    },
    "shroomRed": {
      "r": 255,
      "g": 80,
      "b": 50,
      "a": 50
    },
    "soulBlue": {
      "r": 0,
      "g": 140,
      "b": 236,
      "a": 150
    },
    "soulGreen": {
      "r": 0,
      "g": 211,
      "b": 200,
      "a": 50
    },
    "verdant": {
      "r": 56,
      "g": 100,
      "b": 43,
      "a": 50
    }
  },
  "LightBlock": [
    {
      "block": "botania:white_shiny_flower",
      "color": "#white",
      "radius": 10
    },
    {
      "block": "botania:orange_shiny_flower",
      "color": "#orange",
      "radius": 10
    },
    {
      "block": "botania:magenta_shiny_flower",
      "color": "#magenta",
      "radius": 10
    },
    {
      "block": "botania:light_blue_shiny_flower",
      "color": "#blue",
      "radius": 10
    },
    {
      "block": "botania:yellow_shiny_flower",
      "color": "#yellow",
      "radius": 10
    },
    {
      "block": "botania:lime_shiny_flower",
      "color": "#lime",
      "radius": 10
    },
    {
      "block": "botania:pink_shiny_flower",
      "color": "#pink",
      "radius": 10
    },
    {
      "block": "botania:gray_shiny_flower",
      "color": "#gray",
      "radius": 10
    },
    {
      "block": "botania:light_gray_shiny_flower",
      "color": "#light_gray",
      "radius": 10
    },
    {
      "block": "botania:cyan_shiny_flower",
      "color": "#cyan",
      "radius": 10
    },
    {
      "block": "botania:purple_shiny_flower",
      "color": "#purple",
      "radius": 10
    },
    {
      "block": "botania:blue_shiny_flower",
      "color": "#blue",
      "radius": 10
    },
    {
      "block": "botania:brown_shiny_flower",
      "color": "#brown",
      "radius": 10
    },
    {
      "block": "botania:green_shiny_flower",
      "color": "#green",
      "radius": 10
    },
    {
      "block": "botania:red_shiny_flower",
      "color": "#red",
      "radius": 10
    },
    {
      "block": "botania:black_shiny_flower",
      "color": "#black",
      "radius": 10
    },
    {
      "block": "botania:white_buried_petals",
      "color": "#white",
      "radius": 3
    },
    {
      "block": "botania:orange_buried_petals",
      "color": "#orange",
      "radius": 3
    },
    {
      "block": "botania:magenta_buried_petals",
      "color": "#magenta",
      "radius": 3
    },
    {
      "block": "botania:light_blue_buried_petals",
      "color": "#blue",
      "radius": 3
    },
    {
      "block": "botania:yellow_buried_petals",
      "color": "#yellow",
      "radius": 3
    },
    {
      "block": "botania:lime_buried_petals",
      "color": "#lime",
      "radius": 3
    },
    {
      "block": "botania:pink_buried_petals",
      "color": "#pink",
      "radius": 3
    },
    {
      "block": "botania:gray_buried_petals",
      "color": "#gray",
      "radius": 3
    },
    {
      "block": "botania:light_gray_buried_petals",
      "color": "#light_gray",
      "radius": 3
    },
    {
      "block": "botania:cyan_buried_petals",
      "color": "#cyan",
      "radius": 3
    },
    {
      "block": "botania:purple_buried_petals",
      "color": "#purple",
      "radius": 3
    },
    {
      "block": "botania:blue_buried_petals",
      "color": "#blue",
      "radius": 3
    },
    {
      "block": "botania:brown_buried_petals",
      "color": "#brown",
      "radius": 3
    },
    {
      "block": "botania:green_buried_petals",
      "color": "#green",
      "radius": 3
    },
    {
      "block": "botania:red_buried_petals",
      "color": "#red",
      "radius": 3
    },
    {
      "block": "botania:black_buried_petals",
      "color": "#black",
      "radius": 3
    },
    {
      "block": "botania:white_floating_flower",
      "color": "#white",
      "radius": 10
    },
    {
      "block": "botania:orange_floating_flower",
      "color": "#orange",
      "radius": 10
    },
    {
      "block": "botania:magenta_floating_flower",
      "color": "#magenta",
      "radius": 10
    },
    {
      "block": "botania:light_blue_floating_flower",
      "color": "#blue",
      "radius": 10
    },
    {
      "block": "botania:yellow_floating_flower",
      "color": "#yellow",
      "radius": 10
    },
    {
      "block": "botania:lime_floating_flower",
      "color": "#lime",
      "radius": 10
    },
    {
      "block": "botania:pink_floating_flower",
      "color": "#pink",
      "radius": 10
    },
    {
      "block": "botania:gray_floating_flower",
      "color": "#gray",
      "radius": 10
    },
    {
      "block": "botania:light_gray_floating_flower",
      "color": "#light_gray",
      "radius": 10
    },
    {
      "block": "botania:cyan_floating_flower",
      "color": "#cyan",
      "radius": 10
    },
    {
      "block": "botania:purple_floating_flower",
      "color": "#purple",
      "radius": 10
    },
    {
      "block": "botania:blue_floating_flower",
      "color": "#blue",
      "radius": 10
    },
    {
      "block": "botania:brown_floating_flower",
      "color": "#brown",
      "radius": 10
    },
    {
      "block": "botania:green_floating_flower",
      "color": "#green",
      "radius": 10
    },
    {
      "block": "botania:red_floating_flower",
      "color": "#red",
      "radius": 10
    },
    {
      "block": "botania:black_floating_flower",
      "color": "#black",
      "radius": 10
    },
    {
      "block": "botania:white_mushroom",
      "color": "#white",
      "radius": 2
    },
    {
      "block": "botania:orange_mushroom",
      "color": "#orange",
      "radius": 2
    },
    {
      "block": "botania:magenta_mushroom",
      "color": "#magenta",
      "radius": 2
    },
    {
      "block": "botania:light_blue_mushroom",
      "color": "#blue",
      "radius": 2
    },
    {
      "block": "botania:yellow_mushroom",
      "color": "#yellow",
      "radius": 2
    },
    {
      "block": "botania:lime_mushroom",
      "color": "#lime",
      "radius": 2
    },
    {
      "block": "botania:pink_mushroom",
      "color": "#pink",
      "radius": 2
    },
    {
      "block": "botania:gray_mushroom",
      "color": "#gray",
      "radius": 2
    },
    {
      "block": "botania:light_gray_mushroom",
      "color": "#light_gray",
      "radius": 2
    },
    {
      "block": "botania:cyan_mushroom",
      "color": "#cyan",
      "radius": 2
    },
    {
      "block": "botania:purple_mushroom",
      "color": "#purple",
      "radius": 2
    },
    {
      "block": "botania:blue_mushroom",
      "color": "#blue",
      "radius": 2
    },
    {
      "block": "botania:brown_mushroom",
      "color": "#brown",
      "radius": 2
    },
    {
      "block": "botania:green_mushroom",
      "color": "#green",
      "radius": 2
    },
    {
      "block": "botania:red_mushroom",
      "color": "#red",
      "radius": 2
    },
    {
      "block": "botania:black_mushroom",
      "color": "#black",
      "radius": 2
    },
    {
      "block": "botania:apothecary_default",
      "color": "#orange",
      "radius": 10
    },
    {
      "block": "botania:apothecary_forest",
      "color": "#orange",
      "radius": 10
    },
    {
      "block": "botania:apothecary_plains",
      "color": "#orange",
      "radius": 10
    },
    {
      "block": "botania:apothecary_mountain",
      "color": "#orange",
      "radius": 10
    },
    {
      "block": "botania:apothecary_fungal",
      "color": "#orange",
      "radius": 10
    },
    {
      "block": "botania:apothecary_swamp",
      "color": "#orange",
      "radius": 10
    },
    {
      "block": "botania:apothecary_desert",
      "color": "#orange",
      "radius": 10
    },
    {
      "block": "botania:apothecary_taiga",
      "color": "#orange",
      "radius": 10
    },
    {
      "block": "botania:apothecary_mesa",
      "color": "#orange",
      "radius": 10
    },
    {
      "block": "botania:apothecary_mossy",
      "color": "#orange",
      "radius": 10
    },
    {
      "block": "botania:apothecary_livingrock",
      "color": "#orange",
      "radius": 10
    },
    {
      "block": "botania:apothecary_deepslate",
      "color": "#orange",
      "radius": 10
    },
    {
      "block": "botania:glimmering_livingwood_log",
      "color": "#orange",
      "radius": 8
    },
    {
      "block": "botania:glimmering_livingwood",
      "color": "#orange",
      "radius": 8
    },
    {
      "block": "botania:glimmering_stripped_livingwood_log",
      "color": "#orange",
      "radius": 5
    },
    {
      "block": "botania:glimmering_stripped_livingwood",
      "color": "#orange",
      "radius": 5
    },
    {
      "block": "botania:glimmering_dreamwood_log",
      "color": "#orange",
      "radius": 8
    },
    {
      "block": "botania:glimmering_dreamwood",
      "color": "#orange",
      "radius": 8
    },
    {
      "block": "botania:glimmering_stripped_dreamwood_log",
      "color": "#orange",
      "radius": 5
    },
    {
      "block": "botania:glimmering_stripped_dreamwood",
      "color": "#orange",
      "radius": 5
    },
    {
      "block": "botania:mana_glass",
      "color": "#orange",
      "radius": 10
    },
    {
      "block": "botania:elf_glass",
      "color": "#orange",
      "radius": 10
    },
    {
      "block": "botania:bifrost",
      "color": "#orange",
      "radius": 10
    },
    {
      "block": "botania:bifrost_perm",
      "color": "#orange",
      "radius": 10
    },
    {
      "block": "botania:enchanter",
      "color": "#orange",
      "radius": 10
    },
    {
      "block": "botania:alfheim_portal",
      "color": "#orange",
      "radius": 10
    },
    {
      "block": "botania:mana_pylon",
      "color": "#orange",
      "radius": 5
    },
    {
      "block": "botania:natura_pylon",
      "color": "#orange",
      "radius": 5
    },
    {
      "block": "botania:gaia_pylon",
      "color": "#orange",
      "radius": 5
    },
    {
      "block": "botania:prism",
      "color": "#orange",
      "radius": 10
    },
    {
      "block": "botania:animated_torch",
      "color": "#orange",
      "radius": 5
    },
    {
      "block": "botania:mana_flame",
      "color": "#orange",
      "radius": 10
    },
    {
      "block": "botania:blaze_block",
      "color": "#orange",
      "radius": 10
    },
    {
      "block": "botania:mana_glass_pane",
      "color": "#orange",
      "radius": 10
    },
    {
      "block": "botania:elf_glass_pane",
      "color": "#orange",
      "radius": 10
    },
    {
      "block": "botania:bifrost_pane",
      "color": "#orange",
      "radius": 10
    },
    {
      "block": "botania:floating_pure_daisy",
      "color": "#orange",
      "radius": 10
    },
    {
      "block": "botania:floating_manastar",
      "color": "#orange",
      "radius": 10
    },
    {
      "block": "botania:floating_hydroangeas",
      "color": "#orange",
      "radius": 10
    },
    {
      "block": "botania:floating_endoflame",
      "color": "#orange",
      "radius": 10
    },
    {
      "block": "botania:floating_thermalily",
      "color": "#orange",
      "radius": 10
    },
    {
      "block": "botania:floating_rosa_arcana",
      "color": "#orange",
      "radius": 10
    },
    {
      "block": "botania:floating_munchdew",
      "color": "#orange",
      "radius": 10
    },
    {
      "block": "botania:floating_entropinnyum",
      "color": "#orange",
      "radius": 10
    },
    {
      "block": "botania:floating_kekimurus",
      "color": "#orange",
      "radius": 10
    },
    {
      "block": "botania:floating_gourmaryllis",
      "color": "#orange",
      "radius": 10
    },
    {
      "block": "botania:floating_narslimmus",
      "color": "#orange",
      "radius": 10
    },
    {
      "block": "botania:floating_spectrolus",
      "color": "#orange",
      "radius": 10
    },
    {
      "block": "botania:floating_dandelifeon",
      "color": "#orange",
      "radius": 10
    },
    {
      "block": "botania:floating_rafflowsia",
      "color": "#orange",
      "radius": 10
    },
    {
      "block": "botania:floating_shulk_me_not",
      "color": "#orange",
      "radius": 10
    },
    {
      "block": "botania:floating_bellethorn",
      "color": "#orange",
      "radius": 10
    },
    {
      "block": "botania:floating_bellethorn_chibi",
      "color": "#orange",
      "radius": 10
    },
    {
      "block": "botania:floating_bergamute",
      "color": "#orange",
      "radius": 10
    },
    {
      "block": "botania:floating_dreadthorn",
      "color": "#orange",
      "radius": 10
    },
    {
      "block": "botania:floating_heisei_dream",
      "color": "#orange",
      "radius": 10
    },
    {
      "block": "botania:floating_tigerseye",
      "color": "#orange",
      "radius": 10
    },
    {
      "block": "botania:floating_jaded_amaranthus",
      "color": "#orange",
      "radius": 10
    },
    {
      "block": "botania:floating_orechid",
      "color": "#orange",
      "radius": 10
    },
    {
      "block": "botania:floating_fallen_kanade",
      "color": "#orange",
      "radius": 10
    },
    {
      "block": "botania:floating_exoflame",
      "color": "#orange",
      "radius": 10
    },
    {
      "block": "botania:floating_agricarnation",
      "color": "#orange",
      "radius": 10
    },
    {
      "block": "botania:floating_agricarnation_chibi",
      "color": "#orange",
      "radius": 10
    },
    {
      "block": "botania:floating_hopperhock",
      "color": "#orange",
      "radius": 10
    },
    {
      "block": "botania:floating_hopperhock_chibi",
      "color": "#orange",
      "radius": 10
    },
    {
      "block": "botania:floating_tangleberrie",
      "color": "#orange",
      "radius": 10
    },
    {
      "block": "botania:floating_tangleberrie_chibi",
      "color": "#orange",
      "radius": 10
    },
    {
      "block": "botania:floating_jiyuulia",
      "color": "#orange",
      "radius": 10
    },
    {
      "block": "botania:floating_jiyuulia_chibi",
      "color": "#orange",
      "radius": 10
    },
    {
      "block": "botania:floating_rannuncarpus",
      "color": "#orange",
      "radius": 10
    },
    {
      "block": "botania:floating_rannuncarpus_chibi",
      "color": "#orange",
      "radius": 10
    },
    {
      "block": "botania:floating_hyacidus",
      "color": "#orange",
      "radius": 10
    },
    {
      "block": "botania:floating_pollidisiac",
      "color": "#orange",
      "radius": 10
    },
    {
      "block": "botania:floating_clayconia",
      "color": "#orange",
      "radius": 10
    },
    {
      "block": "botania:floating_clayconia_chibi",
      "color": "#orange",
      "radius": 10
    },
    {
      "block": "botania:floating_loonium",
      "color": "#orange",
      "radius": 10
    },
    {
      "block": "botania:floating_daffomill",
      "color": "#orange",
      "radius": 10
    },
    {
      "block": "botania:floating_vinculotus",
      "color": "#orange",
      "radius": 10
    },
    {
      "block": "botania:floating_spectranthemum",
      "color": "#orange",
      "radius": 10
    },
    {
      "block": "botania:floating_medumone",
      "color": "#orange",
      "radius": 10
    },
    {
      "block": "botania:floating_marimorphosis",
      "color": "#orange",
      "radius": 10
    },
    {
      "block": "botania:floating_marimorphosis_chibi",
      "color": "#orange",
      "radius": 10
    },
    {
      "block": "botania:floating_bubbell",
      "color": "#orange",
      "radius": 10
    },
    {
      "block": "botania:floating_bubbell_chibi",
      "color": "#orange",
      "radius": 10
    },
    {
      "block": "botania:floating_solegnolia",
      "color": "#orange",
      "radius": 10
    },
    {
      "block": "botania:floating_solegnolia_chibi",
      "color": "#orange",
      "radius": 10
    },
    {
      "block": "botania:floating_orechid_ignem",
      "color": "#orange",
      "radius": 10
    },
    {
      "block": "botania:floating_labellia",
      "color": "#orange",
      "radius": 10
    }
  ],
  "LightItem": [],
  "Bloom": [
    {
      "particle": "botania:wisp"
    },
    {
      "particle": "botania:sparkle"
    }
  ]
}