{
  "ColorReference": {
    "black": {
      "r": 29,
      "g": 29,
      "b": 33,
      "a": 200
    },
    "red": {
      "r": 176,
      "g": 46,
      "b": 38,
      "a": 200
    },
    "green": {
      "r": 94,
      "g": 124,
      "b": 22,
      "a": 200
    },
    "brown": {
      "r": 131,
      "g": 84,
      "b": 50,
      "a": 200
    },
    "blue": {
      "r": 60,
      "g": 68,
      "b": 170,
      "a": 200
    },
    "purple": {
      "r": 137,
      "g": 50,
      "b": 184,
      "a": 200
    },
    "cyan": {
      "r": 22,
      "g": 156,
      "b": 156,
      "a": 200
    },
    "light_gray": {
      "r": 157,
      "g": 157,
      "b": 151,
      "a": 200
    },
    "gray": {
      "r": 71,
      "g": 79,
      "b": 82,
      "a": 200
    },
    "pink": {
      "r": 243,
      "g": 139,
      "b": 170,
      "a": 200
    },
    "lime": {
      "r": 128,
      "g": 199,
      "b": 31,
      "a": 200
    },
    "yellow": {
      "r": 254,
      "g": 216,
      "b": 61,
      "a": 200
    },
    "light_blue": {
      "r": 58,
      "g": 179,
      "b": 218,
      "a": 200
    },
    "magenta": {
      "r": 199,
      "g": 78,
      "b": 189,
      "a": 200
    },
    "orange": {
      "r": 249,
      "g": 128,
      "b": 29,
      "a": 200
    },
    "white": {
      "r": 249,
      "g": 255,
      "b": 254,
      "a": 200
    },
    "dark_blue": {
      "r": 0,
      "g": 0,
      "b": 204,
      "a": 200
    },
    "boricGreen": {
      "r": 41,
      "g": 200,
      "b": 50,
      "a": 50
    },
    "brightWhite": {
      "r": 150,
      "g": 150,
      "b": 150,
      "a": 50
    },
    "corundumBlack": {
      "r": 106,
      "g": 104,
      "b": 114,
      "a": 200
    },
    "corundumBlue": {
      "r": 64,
      "g": 197,
      "b": 235,
      "a": 200
    },
    "corundumGreen": {
      "r": 75,
      "g": 203,
      "b": 8,
      "a": 200
    },
    "corundumIndigo": {
      "r": 97,
      "g": 99,
      "b": 230,
      "a": 200
    },
    "corundumOrange": {
      "r": 240,
      "g": 127,
      "b": 0,
      "a": 200
    },
    "corundumRed": {
      "r": 255,
      "g": 37,
      "b": 68,
      "a": 200
    },
    "corundumViolet": {
      "r": 209,
      "g": 8,
      "b": 150,
      "a": 200
    },
    "corundumWhite": {
      "r": 215,
      "g": 226,
      "b": 237,
      "a": 200
    },
    "corundumYellow": {
      "r": 255,
      "g": 234,
      "b": 0,
      "a": 200
    },
    "darkPink": {
      "r": 120,
      "g": 24,
      "b": 70,
      "a": 200
    },
    "endPink": {
      "r": 100,
      "g": 26,
      "b": 99,
      "a": 200
    },
    "faintBlue": {
      "r": 27,
      "g": 75,
      "b": 110,
      "a": 50
    },
    "faintOrange": {
      "r": 120,
      "g": 55,
      "b": 0,
      "a": 50
    },
    "faintRed": {
      "r": 120,
      "g": 26,
      "b": 0,
      "a": 150
    },
    "faintWhite": {
      "r": 64,
      "g": 64,
      "b": 64,
      "a": 50
    },
    "glowstoneOrange": {
      "r": 255,
      "g": 100,
      "b": 0,
      "a": 50
    },
    "magmaRed": {
      "r": 255,
      "g": 26,
      "b": 0,
      "a": 150
    },
    "ochre": {
      "r": 150,
      "g": 85,
      "b": 0,
      "a": 50
    },
    "pastelOrange": {
      "r": 115,
      "g": 69,
      "b": 36,
      "a": 50
    },
    "pastelPurple": {
      "r": 150,
      "g": 75,
      "b": 255,
      "a": 255
    },
    "pearlescent": {
      "r": 50,
      "g": 0,
      "b": 100,
      "a": 50
    },
    "portalPurple": {
      "r": 47,
      "g": 2,
      "b": 187,
      "a": 200
    },
    "redstoneRed": {
      "r": 255,
      "g": 0,
      "b": 0,
      "a": 200
    },
    "shroomRed": {
      "r": 255,
      "g": 80,
      "b": 50,
      "a": 50
    },
    "soulBlue": {
      "r": 0,
      "g": 140,
      "b": 236,
      "a": 150
    },
    "soulGreen": {
      "r": 0,
      "g": 211,
      "b": 200,
      "a": 50
    },
    "verdant": {
      "r": 56,
      "g": 100,
      "b": 43,
      "a": 50
    }
  },
  "LightBlock": [
    {
      "block": "chipped:crying_obsidian_bricks",
      "color": "#orange",
      "radius": 7
    },
    {
      "block": "chipped:crying_obsidian_mini_tiles",
      "color": "#orange",
      "radius": 7
    },
    {
      "block": "chipped:crying_obsidian_pillar",
      "color": "#orange",
      "radius": 7
    },
    {
      "block": "chipped:crying_obsidian_pillar_top",
      "color": "#orange",
      "radius": 7
    },
    {
      "block": "chipped:crying_obsidian_scales",
      "color": "#orange",
      "radius": 7
    },
    {
      "block": "chipped:angry_crying_obsidian",
      "color": "#orange",
      "radius": 7
    },
    {
      "block": "chipped:blank_crying_obsidian_carving",
      "color": "#orange",
      "radius": 7
    },
    {
      "block": "chipped:carved_crying_obsidian",
      "color": "#orange",
      "radius": 7
    },
    {
      "block": "chipped:checkered_crying_obsidian_tiles",
      "color": "#red",
      "radius": 7
    },
    {
      "block": "chipped:cobbled_crying_obsidian",
      "color": "#orange",
      "radius": 7
    },
    {
      "block": "chipped:cracked_crying_obsidian_bricks",
      "color": "#orange",
      "radius": 7
    },
    {
      "block": "chipped:cracked_disordered_crying_obsidian_bricks",
      "color": "#red",
      "radius": 7
    },
    {
      "block": "chipped:cracked_flat_crying_obsidian_tiles",
      "color": "#orange",
      "radius": 7
    },
    {
      "block": "chipped:creeper_crying_obsidian_carving",
      "color": "#orange",
      "radius": 7
    },
    {
      "block": "chipped:crying_crying_obsidian",
      "color": "#orange",
      "radius": 7
    },
    {
      "block": "chipped:cut_blank_crying_obsidian",
      "color": "#orange",
      "radius": 7
    },
    {
      "block": "chipped:glad_crying_obsidian",
      "color": "#orange",
      "radius": 7
    },
    {
      "block": "chipped:duh_crying_obsidian",
      "color": "#orange",
      "radius": 7
    },
    {
      "block": "chipped:engraved_crying_obsidian",
      "color": "#orange",
      "radius": 7
    },
    {
      "block": "chipped:eroded_crying_obsidian",
      "color": "#orange",
      "radius": 7
    },
    {
      "block": "chipped:etched_crying_obsidian_bricks",
      "color": "#orange",
      "radius": 7
    },
    {
      "block": "chipped:flat_crying_obsidian_tiles",
      "color": "#orange",
      "radius": 7
    },
    {
      "block": "chipped:inlayed_crying_obsidian",
      "color": "#orange",
      "radius": 7
    },
    {
      "block": "chipped:inscribed_crying_obsidian",
      "color": "#orange",
      "radius": 7
    },
    {
      "block": "chipped:layed_crying_obsidian_bricks",
      "color": "#orange",
      "radius": 7
    },
    {
      "block": "chipped:loded_crying_obsidian",
      "color": "#orange",
      "radius": 7
    },
    {
      "block": "chipped:offset_crying_obsidian_bricks",
      "color": "#orange",
      "radius": 7
    },
    {
      "block": "chipped:pillar_crying_obsidian_bricks",
      "color": "#orange",
      "radius": 7
    },
    {
      "block": "chipped:prismal_crying_obsidian_remnants",
      "color": "#orange",
      "radius": 7
    },
    {
      "block": "chipped:rough_crying_obsidian",
      "color": "#orange",
      "radius": 7
    },
    {
      "block": "chipped:rounded_crying_obsidian_bricks",
      "color": "#orange",
      "radius": 7
    },
    {
      "block": "chipped:runic_carved_crying_obsidian",
      "color": "#orange",
      "radius": 7
    },
    {
      "block": "chipped:sad_crying_obsidian",
      "color": "#orange",
      "radius": 7
    },
    {
      "block": "chipped:sanded_crying_obsidian",
      "color": "#orange",
      "radius": 7
    },
    {
      "block": "chipped:small_crying_obsidian_bricks",
      "color": "#orange",
      "radius": 7
    },
    {
      "block": "chipped:smooth_inlayed_crying_obsidian",
      "color": "#orange",
      "radius": 7
    },
    {
      "block": "chipped:smooth_ringed_crying_obsidian",
      "color": "#orange",
      "radius": 7
    },
    {
      "block": "chipped:smoothed_double_inlayed_crying_obsidian",
      "color": "#orange",
      "radius": 7
    },
    {
      "block": "chipped:spider_crying_obsidian_carving",
      "color": "#orange",
      "radius": 7
    },
    {
      "block": "chipped:spiraled_crying_obsidian",
      "color": "#orange",
      "radius": 7
    },
    {
      "block": "chipped:stacked_crying_obsidian_bricks",
      "color": "#orange",
      "radius": 7
    },
    {
      "block": "chipped:tiled_crying_obsidian",
      "color": "#orange",
      "radius": 7
    },
    {
      "block": "chipped:tiny_crying_obsidian_bricks",
      "color": "#orange",
      "radius": 7
    },
    {
      "block": "chipped:tiny_layered_crying_obsidian_bricks",
      "color": "#red",
      "radius": 7
    },
    {
      "block": "chipped:tiny_layered_crying_obsidian_slabs",
      "color": "#red",
      "radius": 7
    },
    {
      "block": "chipped:trodden_crying_obsidian",
      "color": "#orange",
      "radius": 7
    },
    {
      "block": "chipped:unamused_crying_obsidian",
      "color": "#orange",
      "radius": 7
    },
    {
      "block": "chipped:vertical_cut_crying_obsidian",
      "color": "#orange",
      "radius": 7
    },
    {
      "block": "chipped:vertical_disordered_crying_obsidian_bricks",
      "color": "#red",
      "radius": 7
    },
    {
      "block": "chipped:weathered_crying_obsidian",
      "color": "#red",
      "radius": 7
    },
    {
      "block": "chipped:bordered_crying_obsidian",
      "color": "#red",
      "radius": 7
    },
    {
      "block": "chipped:brick_bordered_crying_obsidian",
      "color": "#red",
      "radius": 7
    },
    {
      "block": "chipped:cut_crying_obsidian_column",
      "color": "#orange",
      "radius": 7
    },
    {
      "block": "chipped:edged_crying_obsidian_bricks",
      "color": "#orange",
      "radius": 7
    },
    {
      "block": "chipped:overlapping_crying_obsidian_tiles",
      "color": "#orange",
      "radius": 7
    },
    {
      "block": "chipped:polished_crying_obsidian",
      "color": "#orange",
      "radius": 7
    },
    {
      "block": "chipped:smooth_crying_obsidian_column",
      "color": "#orange",
      "radius": 7
    },
    {
      "block": "chipped:thick_inlayed_crying_obsidian",
      "color": "#orange",
      "radius": 7
    },
    {
      "block": "chipped:tiled_crying_obsidian_column",
      "color": "#orange",
      "radius": 7
    },
    {
      "block": "chipped:tiled_bordered_crying_obsidian",
      "color": "#red",
      "radius": 7
    },
    {
      "block": "chipped:tiny_brick_bordered_crying_obsidian",
      "color": "#red",
      "radius": 7
    },
    {
      "block": "chipped:curly_crying_obsidian_pillar",
      "color": "#orange",
      "radius": 7
    },
    {
      "block": "chipped:fine_crying_obsidian_pillar",
      "color": "#orange",
      "radius": 7
    },
    {
      "block": "chipped:ornate_crying_obsidian_pillar",
      "color": "#orange",
      "radius": 7
    },
    {
      "block": "chipped:simple_crying_obsidian_pillar",
      "color": "#orange",
      "radius": 7
    },
    {
      "block": "chipped:massive_crying_obsidian_bricks",
      "color": "#orange",
      "radius": 7
    },
    {
      "block": "chipped:broken_glowstone",
      "color": "#orange",
      "radius": 10
    },
    {
      "block": "chipped:bulbed_glowstone",
      "color": "#orange",
      "radius": 10
    },
    {
      "block": "chipped:cracked_glowstone",
      "color": "#orange",
      "radius": 10
    },
    {
      "block": "chipped:double_inlayed_glowstone",
      "color": "#orange",
      "radius": 10
    },
    {
      "block": "chipped:edged_glowstone_lantern",
      "color": "#orange",
      "radius": 10
    },
    {
      "block": "chipped:fancy_glowstone_lantern",
      "color": "#orange",
      "radius": 10
    },
    {
      "block": "chipped:framed_glowstone_lantern",
      "color": "#orange",
      "radius": 10
    },
    {
      "block": "chipped:glowing_lodestone_side",
      "color": "#orange",
      "radius": 10
    },
    {
      "block": "chipped:glowstone_lantern",
      "color": "#orange",
      "radius": 10
    },
    {
      "block": "chipped:hived_glowstone",
      "color": "#orange",
      "radius": 10
    },
    {
      "block": "chipped:inlayed_glowstone",
      "color": "#orange",
      "radius": 10
    },
    {
      "block": "chipped:nether_engraved_glowstone",
      "color": "#orange",
      "radius": 10
    },
    {
      "block": "chipped:ornate_glowstone_lantern",
      "color": "#orange",
      "radius": 10
    },
    {
      "block": "chipped:patterned_glowstone",
      "color": "#orange",
      "radius": 10
    },
    {
      "block": "chipped:polished_glowstone",
      "color": "#orange",
      "radius": 10
    },
    {
      "block": "chipped:shimmering_glowstone",
      "color": "#orange",
      "radius": 10
    },
    {
      "block": "chipped:smooth_glowstone",
      "color": "#orange",
      "radius": 10
    },
    {
      "block": "chipped:thick_inlayed_glowstone",
      "color": "#orange",
      "radius": 10
    },
    {
      "block": "chipped:tiled_glowstone_pillar",
      "color": "#orange",
      "radius": 10
    },
    {
      "block": "chipped:wither_engraved_glowstone",
      "color": "#orange",
      "radius": 10
    },
    {
      "block": "chipped:ad_astra_ochre_froglight",
      "color": "#ochre",
      "radius": 10
    },
    {
      "block": "chipped:ancient_ochre_froglight",
      "color": "#ochre",
      "radius": 10
    },
    {
      "block": "chipped:barred_ochre_froglight",
      "color": "#red",
      "radius": 10
    },
    {
      "block": "chipped:elemental_ochre_froglight",
      "color": "#ochre",
      "radius": 10
    },
    {
      "block": "chipped:exposed_ochre_froglight",
      "color": "#ochre",
      "radius": 10
    },
    {
      "block": "chipped:glass_ochre_froglight",
      "color": "#ochre",
      "radius": 10
    },
    {
      "block": "chipped:reinforced_ochre_froglight",
      "color": "#ochre",
      "radius": 10
    },
    {
      "block": "chipped:round_ochre_froglight",
      "color": "#ochre",
      "radius": 10
    },
    {
      "block": "chipped:ad_astra_pearlescent_froglight",
      "color": "#pearlescent",
      "radius": 10
    },
    {
      "block": "chipped:ancient_pearlescent_froglight",
      "color": "#pearlescent",
      "radius": 10
    },
    {
      "block": "chipped:barred_pearlescent_froglight",
      "color": "#red",
      "radius": 10
    },
    {
      "block": "chipped:elemental_pearlescent_froglight",
      "color": "#pearlescent",
      "radius": 10
    },
    {
      "block": "chipped:exposed_pearlescent_froglight",
      "color": "#pearlescent",
      "radius": 10
    },
    {
      "block": "chipped:glass_pearlescent_froglight",
      "color": "#pearlescent",
      "radius": 10
    },
    {
      "block": "chipped:reinforced_pearlescent_froglight",
      "color": "#pearlescent",
      "radius": 10
    },
    {
      "block": "chipped:round_pearlescent_froglight",
      "color": "#pearlescent",
      "radius": 10
    },
    {
      "block": "chipped:ad_astra_verdant_froglight",
      "color": "#verdant",
      "radius": 10
    },
    {
      "block": "chipped:ancient_verdant_froglight",
      "color": "#verdant",
      "radius": 10
    },
    {
      "block": "chipped:barred_verdant_froglight",
      "color": "#red",
      "radius": 10
    },
    {
      "block": "chipped:elemental_verdant_froglight",
      "color": "#verdant",
      "radius": 10
    },
    {
      "block": "chipped:exposed_verdant_froglight",
      "color": "#verdant",
      "radius": 10
    },
    {
      "block": "chipped:glass_verdant_froglight",
      "color": "#verdant",
      "radius": 10
    },
    {
      "block": "chipped:reinforced_verdant_froglight",
      "color": "#verdant",
      "radius": 10
    },
    {
      "block": "chipped:round_verdant_froglight",
      "color": "#verdant",
      "radius": 10
    },
    {
      "block": "chipped:bulbed_brown_mushroom",
      "color": "#brown",
      "radius": 1
    },
    {
      "block": "chipped:button_brown_mushroom",
      "color": "#brown",
      "radius": 1
    },
    {
      "block": "chipped:clustered_brown_mushroom",
      "color": "#red",
      "radius": 1
    },
    {
      "block": "chipped:double_brown_mushroom",
      "color": "#brown",
      "radius": 1
    },
    {
      "block": "chipped:franken_brown_mushroom",
      "color": "#brown",
      "radius": 1
    },
    {
      "block": "chipped:hooded_brown_mushroom",
      "color": "#brown",
      "radius": 1
    },
    {
      "block": "chipped:micro_brown_mushroom",
      "color": "#brown",
      "radius": 1
    },
    {
      "block": "chipped:mini_brown_mushroom",
      "color": "#brown",
      "radius": 1
    },
    {
      "block": "chipped:brown_mushroom_bulb",
      "color": "#brown",
      "radius": 1
    },
    {
      "block": "chipped:brown_mushroom_bushel",
      "color": "#brown",
      "radius": 1
    },
    {
      "block": "chipped:brown_mushroom_cluster",
      "color": "#brown",
      "radius": 1
    },
    {
      "block": "chipped:brown_mushroom_trio",
      "color": "#brown",
      "radius": 1
    },
    {
      "block": "chipped:umbrella_brown_mushroom",
      "color": "#brown",
      "radius": 1
    },
    {
      "block": "chipped:wicked_brown_mushroom",
      "color": "#brown",
      "radius": 1
    },
    {
      "block": "chipped:broken_shroomlight",
      "color": "#orange",
      "radius": 10
    },
    {
      "block": "chipped:cracked_shroomlight",
      "color": "#orange",
      "radius": 10
    },
    {
      "block": "chipped:double_inlayed_shroomlight",
      "color": "#orange",
      "radius": 10
    },
    {
      "block": "chipped:edged_shroomlight_lantern",
      "color": "#orange",
      "radius": 10
    },
    {
      "block": "chipped:fancy_shroomlight_lantern",
      "color": "#orange",
      "radius": 10
    },
    {
      "block": "chipped:framed_shroomlight_lantern",
      "color": "#orange",
      "radius": 10
    },
    {
      "block": "chipped:hived_shroomlight",
      "color": "#orange",
      "radius": 10
    },
    {
      "block": "chipped:inlayed_shroomlight",
      "color": "#orange",
      "radius": 10
    },
    {
      "block": "chipped:ornate_shroomlight_lantern",
      "color": "#orange",
      "radius": 10
    },
    {
      "block": "chipped:polished_shroomlight",
      "color": "#orange",
      "radius": 10
    },
    {
      "block": "chipped:reinforced_shroomlight",
      "color": "#orange",
      "radius": 10
    },
    {
      "block": "chipped:shimmering_shroomlight",
      "color": "#orange",
      "radius": 10
    },
    {
      "block": "chipped:shroomlight_lantern",
      "color": "#orange",
      "radius": 10
    },
    {
      "block": "chipped:shroomlight_lodestone_side",
      "color": "#orange",
      "radius": 10
    },
    {
      "block": "chipped:smooth_shroomlight",
      "color": "#orange",
      "radius": 10
    },
    {
      "block": "chipped:thick_inlayed_shroomlight",
      "color": "#orange",
      "radius": 10
    },
    {
      "block": "chipped:tiled_shroomlight_pillar",
      "color": "#orange",
      "radius": 10
    },
    {
      "block": "chipped:anguished_jack_o_lantern",
      "color": "#orange",
      "radius": 10
    },
    {
      "block": "chipped:bad_time_jack_o_lantern",
      "color": "#orange",
      "radius": 10
    },
    {
      "block": "chipped:boo_jack_o_lantern",
      "color": "#orange",
      "radius": 10
    },
    {
      "block": "chipped:creepy_jack_o_lantern",
      "color": "#orange",
      "radius": 10
    },
    {
      "block": "chipped:devious_jack_o_lantern",
      "color": "#orange",
      "radius": 10
    },
    {
      "block": "chipped:end_jack_o_lantern",
      "color": "#orange",
      "radius": 10
    },
    {
      "block": "chipped:end_purple_jack_o_lantern",
      "color": "#purple",
      "radius": 10
    },
    {
      "block": "chipped:horrified_jack_o_lantern",
      "color": "#orange",
      "radius": 10
    },
    {
      "block": "chipped:kitty_faced_jack_o_lantern",
      "color": "#orange",
      "radius": 10
    },
    {
      "block": "chipped:nether_jack_o_lantern",
      "color": "#orange",
      "radius": 10
    },
    {
      "block": "chipped:overjoyed_jack_o_lantern",
      "color": "#orange",
      "radius": 10
    },
    {
      "block": "chipped:owo_jack_o_lantern",
      "color": "#orange",
      "radius": 10
    },
    {
      "block": "chipped:silly_jack_o_lantern",
      "color": "#orange",
      "radius": 10
    },
    {
      "block": "chipped:slight_smile_jack_o_lantern",
      "color": "#orange",
      "radius": 10
    },
    {
      "block": "chipped:smiling_jack_o_lantern",
      "color": "#orange",
      "radius": 10
    },
    {
      "block": "chipped:spooky_jack_o_lantern",
      "color": "#orange",
      "radius": 10
    },
    {
      "block": "chipped:squished_cute_jack_o_lantern",
      "color": "#orange",
      "radius": 10
    },
    {
      "block": "chipped:suspicious_jack_o_lantern",
      "color": "#orange",
      "radius": 10
    },
    {
      "block": "chipped:tiny_smug_jack_o_lantern",
      "color": "#orange",
      "radius": 10
    },
    {
      "block": "chipped:traditional_jack_o_lantern",
      "color": "#orange",
      "radius": 10
    },
    {
      "block": "chipped:upside_down_jack_o_lantern",
      "color": "#orange",
      "radius": 10
    },
    {
      "block": "chipped:wide_eyed_jack_o_lantern",
      "color": "#orange",
      "radius": 10
    },
    {
      "block": "chipped:acacia_torch",
      "color": "#orange",
      "radius": 9
    },
    {
      "block": "chipped:acacia_wall_torch",
      "color": "#orange",
      "radius": 9
    },
    {
      "block": "chipped:birch_torch",
      "color": "#orange",
      "radius": 9
    },
    {
      "block": "chipped:birch_wall_torch",
      "color": "#orange",
      "radius": 9
    },
    {
      "block": "chipped:crimson_torch",
      "color": "#orange",
      "radius": 9
    },
    {
      "block": "chipped:crimson_wall_torch",
      "color": "#orange",
      "radius": 9
    },
    {
      "block": "chipped:dark_oak_torch",
      "color": "#orange",
      "radius": 9
    },
    {
      "block": "chipped:dark_oak_wall_torch",
      "color": "#orange",
      "radius": 9
    },
    {
      "block": "chipped:glow_torch",
      "color": "#orange",
      "radius": 9
    },
    {
      "block": "chipped:glow_wall_torch",
      "color": "#orange",
      "radius": 9
    },
    {
      "block": "chipped:iron_torch",
      "color": "#orange",
      "radius": 9
    },
    {
      "block": "chipped:iron_wall_torch",
      "color": "#orange",
      "radius": 9
    },
    {
      "block": "chipped:jungle_torch",
      "color": "#orange",
      "radius": 9
    },
    {
      "block": "chipped:jungle_wall_torch",
      "color": "#orange",
      "radius": 9
    },
    {
      "block": "chipped:spruce_torch",
      "color": "#orange",
      "radius": 9
    },
    {
      "block": "chipped:spruce_wall_torch",
      "color": "#orange",
      "radius": 9
    },
    {
      "block": "chipped:warped_torch",
      "color": "#orange",
      "radius": 9
    },
    {
      "block": "chipped:warped_wall_torch",
      "color": "#orange",
      "radius": 9
    },
    {
      "block": "chipped:magma_block_bricks",
      "color": "#orange",
      "radius": 2
    },
    {
      "block": "chipped:magma_block_mini_tiles",
      "color": "#orange",
      "radius": 2
    },
    {
      "block": "chipped:magma_block_pillar",
      "color": "#orange",
      "radius": 2
    },
    {
      "block": "chipped:magma_block_pillar_top",
      "color": "#orange",
      "radius": 2
    },
    {
      "block": "chipped:magma_block_scales",
      "color": "#orange",
      "radius": 2
    },
    {
      "block": "chipped:angry_magma_block",
      "color": "#orange",
      "radius": 2
    },
    {
      "block": "chipped:blank_magma_block_carving",
      "color": "#orange",
      "radius": 2
    },
    {
      "block": "chipped:carved_magma_block",
      "color": "#orange",
      "radius": 2
    },
    {
      "block": "chipped:checkered_magma_block_tiles",
      "color": "#red",
      "radius": 2
    },
    {
      "block": "chipped:cobbled_magma_block",
      "color": "#orange",
      "radius": 2
    },
    {
      "block": "chipped:cracked_magma_block_bricks",
      "color": "#orange",
      "radius": 2
    },
    {
      "block": "chipped:cracked_disordered_magma_block_bricks",
      "color": "#red",
      "radius": 2
    },
    {
      "block": "chipped:cracked_flat_magma_block_tiles",
      "color": "#orange",
      "radius": 2
    },
    {
      "block": "chipped:creeper_magma_block_carving",
      "color": "#orange",
      "radius": 2
    },
    {
      "block": "chipped:crying_magma_block",
      "color": "#orange",
      "radius": 2
    },
    {
      "block": "chipped:cut_blank_magma_block",
      "color": "#orange",
      "radius": 2
    },
    {
      "block": "chipped:glad_magma_block",
      "color": "#orange",
      "radius": 2
    },
    {
      "block": "chipped:duh_magma_block",
      "color": "#orange",
      "radius": 2
    },
    {
      "block": "chipped:engraved_magma_block",
      "color": "#orange",
      "radius": 2
    },
    {
      "block": "chipped:eroded_magma_block",
      "color": "#orange",
      "radius": 2
    },
    {
      "block": "chipped:etched_magma_block_bricks",
      "color": "#orange",
      "radius": 2
    },
    {
      "block": "chipped:flat_magma_block_tiles",
      "color": "#orange",
      "radius": 2
    },
    {
      "block": "chipped:inlayed_magma_block",
      "color": "#orange",
      "radius": 2
    },
    {
      "block": "chipped:inscribed_magma_block",
      "color": "#orange",
      "radius": 2
    },
    {
      "block": "chipped:layed_magma_block_bricks",
      "color": "#orange",
      "radius": 2
    },
    {
      "block": "chipped:loded_magma_block",
      "color": "#orange",
      "radius": 2
    },
    {
      "block": "chipped:offset_magma_block_bricks",
      "color": "#orange",
      "radius": 2
    },
    {
      "block": "chipped:pillar_magma_block_bricks",
      "color": "#orange",
      "radius": 2
    },
    {
      "block": "chipped:prismal_magma_block_remnants",
      "color": "#orange",
      "radius": 2
    },
    {
      "block": "chipped:rough_magma_block",
      "color": "#orange",
      "radius": 2
    },
    {
      "block": "chipped:rounded_magma_block_bricks",
      "color": "#orange",
      "radius": 2
    },
    {
      "block": "chipped:runic_carved_magma_block",
      "color": "#orange",
      "radius": 2
    },
    {
      "block": "chipped:sad_magma_block",
      "color": "#orange",
      "radius": 2
    },
    {
      "block": "chipped:sanded_magma_block",
      "color": "#orange",
      "radius": 2
    },
    {
      "block": "chipped:small_magma_block_bricks",
      "color": "#orange",
      "radius": 2
    },
    {
      "block": "chipped:smooth_inlayed_magma_block",
      "color": "#orange",
      "radius": 2
    },
    {
      "block": "chipped:smooth_ringed_magma_block",
      "color": "#orange",
      "radius": 2
    },
    {
      "block": "chipped:smoothed_double_inlayed_magma_block",
      "color": "#orange",
      "radius": 2
    },
    {
      "block": "chipped:spider_magma_block_carving",
      "color": "#orange",
      "radius": 2
    },
    {
      "block": "chipped:spiraled_magma_block",
      "color": "#orange",
      "radius": 2
    },
    {
      "block": "chipped:stacked_magma_block_bricks",
      "color": "#orange",
      "radius": 2
    },
    {
      "block": "chipped:tiled_magma_block",
      "color": "#orange",
      "radius": 2
    },
    {
      "block": "chipped:tiny_magma_block_bricks",
      "color": "#orange",
      "radius": 2
    },
    {
      "block": "chipped:tiny_layered_magma_block_bricks",
      "color": "#red",
      "radius": 2
    },
    {
      "block": "chipped:tiny_layered_magma_block_slabs",
      "color": "#red",
      "radius": 2
    },
    {
      "block": "chipped:trodden_magma_block",
      "color": "#orange",
      "radius": 2
    },
    {
      "block": "chipped:unamused_magma_block",
      "color": "#orange",
      "radius": 2
    },
    {
      "block": "chipped:vertical_cut_magma_block",
      "color": "#orange",
      "radius": 2
    },
    {
      "block": "chipped:vertical_disordered_magma_block_bricks",
      "color": "#red",
      "radius": 2
    },
    {
      "block": "chipped:weathered_magma_block",
      "color": "#red",
      "radius": 2
    },
    {
      "block": "chipped:bordered_magma_block",
      "color": "#red",
      "radius": 2
    },
    {
      "block": "chipped:brick_bordered_magma_block",
      "color": "#red",
      "radius": 2
    },
    {
      "block": "chipped:cut_magma_block_column",
      "color": "#orange",
      "radius": 2
    },
    {
      "block": "chipped:edged_magma_block_bricks",
      "color": "#orange",
      "radius": 2
    },
    {
      "block": "chipped:overlapping_magma_block_tiles",
      "color": "#orange",
      "radius": 2
    },
    {
      "block": "chipped:polished_magma_block",
      "color": "#orange",
      "radius": 2
    },
    {
      "block": "chipped:smooth_magma_block_column",
      "color": "#orange",
      "radius": 2
    },
    {
      "block": "chipped:thick_inlayed_magma_block",
      "color": "#orange",
      "radius": 2
    },
    {
      "block": "chipped:tiled_magma_block_column",
      "color": "#orange",
      "radius": 2
    },
    {
      "block": "chipped:tiled_bordered_magma_block",
      "color": "#red",
      "radius": 2
    },
    {
      "block": "chipped:tiny_brick_bordered_magma_block",
      "color": "#red",
      "radius": 2
    },
    {
      "block": "chipped:curly_magma_block_pillar",
      "color": "#orange",
      "radius": 2
    },
    {
      "block": "chipped:fine_magma_block_pillar",
      "color": "#orange",
      "radius": 2
    },
    {
      "block": "chipped:ornate_magma_block_pillar",
      "color": "#orange",
      "radius": 2
    },
    {
      "block": "chipped:simple_magma_block_pillar",
      "color": "#orange",
      "radius": 2
    },
    {
      "block": "chipped:massive_magma_block_bricks",
      "color": "#orange",
      "radius": 2
    },
    {
      "block": "chipped:broken_sea_lantern",
      "color": "#orange",
      "radius": 10
    },
    {
      "block": "chipped:bulbed_sea_lantern",
      "color": "#orange",
      "radius": 10
    },
    {
      "block": "chipped:cracked_sea_lantern",
      "color": "#orange",
      "radius": 10
    },
    {
      "block": "chipped:double_inlayed_sea_lantern",
      "color": "#orange",
      "radius": 10
    },
    {
      "block": "chipped:fancy_sea_lantern",
      "color": "#orange",
      "radius": 10
    },
    {
      "block": "chipped:framed_sea_lantern",
      "color": "#orange",
      "radius": 10
    },
    {
      "block": "chipped:hived_sea_lantern",
      "color": "#orange",
      "radius": 10
    },
    {
      "block": "chipped:inlayed_sea_lantern",
      "color": "#orange",
      "radius": 10
    },
    {
      "block": "chipped:ornate_sea_lantern",
      "color": "#orange",
      "radius": 10
    },
    {
      "block": "chipped:polished_sea_lantern",
      "color": "#orange",
      "radius": 10
    },
    {
      "block": "chipped:reinforced_sea_lantern",
      "color": "#orange",
      "radius": 10
    },
    {
      "block": "chipped:sea_lodestone_side",
      "color": "#orange",
      "radius": 10
    },
    {
      "block": "chipped:shimmering_sea_lantern",
      "color": "#orange",
      "radius": 10
    },
    {
      "block": "chipped:smooth_sea_lantern",
      "color": "#orange",
      "radius": 10
    },
    {
      "block": "chipped:special_sea_lantern",
      "color": "#orange",
      "radius": 10
    },
    {
      "block": "chipped:thick_inlayed_sea_lantern",
      "color": "#orange",
      "radius": 10
    },
    {
      "block": "chipped:tiled_sea_lantern_pillar",
      "color": "#orange",
      "radius": 10
    },
    {
      "block": "chipped:edged_redstone_lamp",
      "color": "#red",
      "radius": 10,
      "state": {
        "lit": "true"
      }
    },
    {
      "block": "chipped:edged_redstone_lamp",
      "color": "#red",
      "radius": 0,
      "state": {
        "lit": "false"
      }
    },
    {
      "block": "chipped:edged_white_redstone_lamp",
      "color": "#red",
      "radius": 10,
      "state": {
        "lit": "true"
      }
    },
    {
      "block": "chipped:edged_white_redstone_lamp",
      "color": "#red",
      "radius": 0,
      "state": {
        "lit": "false"
      }
    },
    {
      "block": "chipped:fancy_redstone_lamp",
      "color": "#red",
      "radius": 10,
      "state": {
        "lit": "true"
      }
    },
    {
      "block": "chipped:fancy_redstone_lamp",
      "color": "#red",
      "radius": 0,
      "state": {
        "lit": "false"
      }
    },
    {
      "block": "chipped:fancy_white_redstone_lamp",
      "color": "#red",
      "radius": 10,
      "state": {
        "lit": "true"
      }
    },
    {
      "block": "chipped:fancy_white_redstone_lamp",
      "color": "#red",
      "radius": 0,
      "state": {
        "lit": "false"
      }
    },
    {
      "block": "chipped:hived_redstone_lamp",
      "color": "#red",
      "radius": 10,
      "state": {
        "lit": "true"
      }
    },
    {
      "block": "chipped:hived_redstone_lamp",
      "color": "#red",
      "radius": 0,
      "state": {
        "lit": "false"
      }
    },
    {
      "block": "chipped:hived_white_redstone_lamp",
      "color": "#red",
      "radius": 10,
      "state": {
        "lit": "true"
      }
    },
    {
      "block": "chipped:hived_white_redstone_lamp",
      "color": "#red",
      "radius": 0,
      "state": {
        "lit": "false"
      }
    },
    {
      "block": "chipped:inlayed_redstone_lamp",
      "color": "#red",
      "radius": 10,
      "state": {
        "lit": "true"
      }
    },
    {
      "block": "chipped:inlayed_redstone_lamp",
      "color": "#red",
      "radius": 0,
      "state": {
        "lit": "false"
      }
    },
    {
      "block": "chipped:inlayed_white_redstone_lamp",
      "color": "#red",
      "radius": 10,
      "state": {
        "lit": "true"
      }
    },
    {
      "block": "chipped:inlayed_white_redstone_lamp",
      "color": "#red",
      "radius": 0,
      "state": {
        "lit": "false"
      }
    },
    {
      "block": "chipped:nice_redstone_lamp",
      "color": "#red",
      "radius": 10,
      "state": {
        "lit": "true"
      }
    },
    {
      "block": "chipped:nice_redstone_lamp",
      "color": "#red",
      "radius": 0,
      "state": {
        "lit": "false"
      }
    },
    {
      "block": "chipped:nice_white_redstone_lamp",
      "color": "#red",
      "radius": 10,
      "state": {
        "lit": "true"
      }
    },
    {
      "block": "chipped:nice_white_redstone_lamp",
      "color": "#red",
      "radius": 0,
      "state": {
        "lit": "false"
      }
    },
    {
      "block": "chipped:ornate_redstone_lamp",
      "color": "#red",
      "radius": 10,
      "state": {
        "lit": "true"
      }
    },
    {
      "block": "chipped:ornate_redstone_lamp",
      "color": "#red",
      "radius": 0,
      "state": {
        "lit": "false"
      }
    },
    {
      "block": "chipped:ornate_white_redstone_lamp",
      "color": "#red",
      "radius": 10,
      "state": {
        "lit": "true"
      }
    },
    {
      "block": "chipped:ornate_white_redstone_lamp",
      "color": "#red",
      "radius": 0,
      "state": {
        "lit": "false"
      }
    },
    {
      "block": "chipped:reinforced_redstone_lamp",
      "color": "#red",
      "radius": 10,
      "state": {
        "lit": "true"
      }
    },
    {
      "block": "chipped:reinforced_redstone_lamp",
      "color": "#red",
      "radius": 0,
      "state": {
        "lit": "false"
      }
    },
    {
      "block": "chipped:reinforced_white_redstone_lamp",
      "color": "#red",
      "radius": 10,
      "state": {
        "lit": "true"
      }
    },
    {
      "block": "chipped:reinforced_white_redstone_lamp",
      "color": "#red",
      "radius": 0,
      "state": {
        "lit": "false"
      }
    },
    {
      "block": "chipped:smooth_redstone_lamp",
      "color": "#red",
      "radius": 10,
      "state": {
        "lit": "true"
      }
    },
    {
      "block": "chipped:smooth_redstone_lamp",
      "color": "#red",
      "radius": 0,
      "state": {
        "lit": "false"
      }
    },
    {
      "block": "chipped:smooth_white_redstone_lamp",
      "color": "#red",
      "radius": 10,
      "state": {
        "lit": "true"
      }
    },
    {
      "block": "chipped:smooth_white_redstone_lamp",
      "color": "#red",
      "radius": 0,
      "state": {
        "lit": "false"
      }
    },
    {
      "block": "chipped:thick_inlayed_redstone_lamp",
      "color": "#red",
      "radius": 10,
      "state": {
        "lit": "true"
      }
    },
    {
      "block": "chipped:thick_inlayed_redstone_lamp",
      "color": "#red",
      "radius": 0,
      "state": {
        "lit": "false"
      }
    },
    {
      "block": "chipped:thick_white_inlayed_redstone_lamp",
      "color": "#red",
      "radius": 10,
      "state": {
        "lit": "true"
      }
    },
    {
      "block": "chipped:thick_white_inlayed_redstone_lamp",
      "color": "#red",
      "radius": 0,
      "state": {
        "lit": "false"
      }
    },
    {
      "block": "chipped:blue_paper_lantern",
      "color": "#blue",
      "radius": 10
    },
    {
      "block": "chipped:burning_coal_lantern",
      "color": "#orange",
      "radius": 10
    },
    {
      "block": "chipped:checkered_iron_lantern",
      "color": "#red",
      "radius": 10
    },
    {
      "block": "chipped:dark_blue_paper_lantern",
      "color": "#blue",
      "radius": 10
    },
    {
      "block": "chipped:ender_lantern",
      "color": "#orange",
      "radius": 10
    },
    {
      "block": "chipped:green_paper_lantern",
      "color": "#green",
      "radius": 10
    },
    {
      "block": "chipped:iron_bowl_lantern",
      "color": "#orange",
      "radius": 10
    },
    {
      "block": "chipped:purple_paper_lantern",
      "color": "#purple",
      "radius": 10
    },
    {
      "block": "chipped:red_paper_lantern",
      "color": "#red",
      "radius": 10
    },
    {
      "block": "chipped:small_green_lantern",
      "color": "#green",
      "radius": 10
    },
    {
      "block": "chipped:white_paper_lantern",
      "color": "#white",
      "radius": 10
    },
    {
      "block": "chipped:wooden_cage_lantern",
      "color": "#orange",
      "radius": 10
    },
    {
      "block": "chipped:wrought_iron_lantern",
      "color": "#orange",
      "radius": 10
    },
    {
      "block": "chipped:yellow_tube_lantern",
      "color": "#yellow",
      "radius": 10
    },
    {
      "block": "chipped:blue_paper_soul_lantern",
      "color": "#blue",
      "radius": 7
    },
    {
      "block": "chipped:blue_tube_soul_lantern",
      "color": "#blue",
      "radius": 7
    },
    {
      "block": "chipped:checkered_iron_soul_lantern",
      "color": "#red",
      "radius": 7
    },
    {
      "block": "chipped:golden_paper_soul_lantern",
      "color": "#dark_blue",
      "radius": 7
    },
    {
      "block": "chipped:gray_paper_soul_lantern",
      "color": "#gray",
      "radius": 7
    },
    {
      "block": "chipped:iron_bowl_soul_lantern",
      "color": "#dark_blue",
      "radius": 7
    },
    {
      "block": "chipped:lime_paper_soul_lantern",
      "color": "#lime",
      "radius": 7
    },
    {
      "block": "chipped:orange_paper_soul_lantern",
      "color": "#orange",
      "radius": 7
    },
    {
      "block": "chipped:small_red_soul_lantern",
      "color": "#red",
      "radius": 7
    },
    {
      "block": "chipped:wooden_cage_soul_lantern",
      "color": "#dark_blue",
      "radius": 7
    },
    {
      "block": "chipped:yellow_paper_soul_lantern",
      "color": "#yellow",
      "radius": 7
    },
    {
      "block": "chipped:big_lantern",
      "color": "#orange",
      "radius": 10
    },
    {
      "block": "chipped:donut_lantern",
      "color": "#orange",
      "radius": 10
    },
    {
      "block": "chipped:tall_lantern",
      "color": "#orange",
      "radius": 10
    },
    {
      "block": "chipped:wide_lantern",
      "color": "#orange",
      "radius": 10
    },
    {
      "block": "chipped:big_soul_lantern",
      "color": "#dark_blue",
      "radius": 10
    },
    {
      "block": "chipped:donut_soul_lantern",
      "color": "#dark_blue",
      "radius": 10
    },
    {
      "block": "chipped:tall_soul_lantern",
      "color": "#dark_blue",
      "radius": 10
    },
    {
      "block": "chipped:wide_soul_lantern",
      "color": "#dark_blue",
      "radius": 10
    },
    {
      "block": "chipped:blue_redstone_torch",
      "color": "#red",
      "radius": 5,
      "state": {
        "lit": "true"
      }
    },
    {
      "block": "chipped:blue_redstone_torch",
      "color": "#red",
      "radius": 0,
      "state": {
        "lit": "false"
      }
    },
    {
      "block": "chipped:blue_redstone_wall_torch",
      "color": "#red",
      "radius": 5,
      "state": {
        "lit": "true"
      }
    },
    {
      "block": "chipped:blue_redstone_wall_torch",
      "color": "#red",
      "radius": 0,
      "state": {
        "lit": "false"
      }
    },
    {
      "block": "chipped:crimson_redstone_torch",
      "color": "#red",
      "radius": 5,
      "state": {
        "lit": "true"
      }
    },
    {
      "block": "chipped:crimson_redstone_torch",
      "color": "#red",
      "radius": 0,
      "state": {
        "lit": "false"
      }
    },
    {
      "block": "chipped:crimson_redstone_wall_torch",
      "color": "#red",
      "radius": 5,
      "state": {
        "lit": "true"
      }
    },
    {
      "block": "chipped:crimson_redstone_wall_torch",
      "color": "#red",
      "radius": 0,
      "state": {
        "lit": "false"
      }
    },
    {
      "block": "chipped:green_redstone_torch",
      "color": "#red",
      "radius": 5,
      "state": {
        "lit": "true"
      }
    },
    {
      "block": "chipped:green_redstone_torch",
      "color": "#red",
      "radius": 0,
      "state": {
        "lit": "false"
      }
    },
    {
      "block": "chipped:green_redstone_wall_torch",
      "color": "#red",
      "radius": 5,
      "state": {
        "lit": "true"
      }
    },
    {
      "block": "chipped:green_redstone_wall_torch",
      "color": "#red",
      "radius": 0,
      "state": {
        "lit": "false"
      }
    },
    {
      "block": "chipped:lightstick_redstone_torch",
      "color": "#red",
      "radius": 5,
      "state": {
        "lit": "true"
      }
    },
    {
      "block": "chipped:lightstick_redstone_torch",
      "color": "#red",
      "radius": 0,
      "state": {
        "lit": "false"
      }
    },
    {
      "block": "chipped:lightstick_redstone_wall_torch",
      "color": "#red",
      "radius": 5,
      "state": {
        "lit": "true"
      }
    },
    {
      "block": "chipped:lightstick_redstone_wall_torch",
      "color": "#red",
      "radius": 0,
      "state": {
        "lit": "false"
      }
    },
    {
      "block": "chipped:yellow_redstone_torch",
      "color": "#red",
      "radius": 5,
      "state": {
        "lit": "true"
      }
    },
    {
      "block": "chipped:yellow_redstone_torch",
      "color": "#red",
      "radius": 0,
      "state": {
        "lit": "false"
      }
    },
    {
      "block": "chipped:yellow_redstone_wall_torch",
      "color": "#red",
      "radius": 5,
      "state": {
        "lit": "true"
      }
    },
    {
      "block": "chipped:yellow_redstone_wall_torch",
      "color": "#red",
      "radius": 0,
      "state": {
        "lit": "false"
      }
    }
  ],
  "LightItem": [],
  "Bloom": []
}