{
  "ColorReference": {
    "black": {
      "r": 29,
      "g": 29,
      "b": 33,
      "a": 200
    },
    "red": {
      "r": 176,
      "g": 46,
      "b": 38,
      "a": 200
    },
    "green": {
      "r": 94,
      "g": 124,
      "b": 22,
      "a": 200
    },
    "brown": {
      "r": 131,
      "g": 84,
      "b": 50,
      "a": 200
    },
    "blue": {
      "r": 60,
      "g": 68,
      "b": 170,
      "a": 200
    },
    "purple": {
      "r": 137,
      "g": 50,
      "b": 184,
      "a": 200
    },
    "cyan": {
      "r": 22,
      "g": 156,
      "b": 156,
      "a": 200
    },
    "light_gray": {
      "r": 157,
      "g": 157,
      "b": 151,
      "a": 200
    },
    "gray": {
      "r": 71,
      "g": 79,
      "b": 82,
      "a": 200
    },
    "pink": {
      "r": 243,
      "g": 139,
      "b": 170,
      "a": 200
    },
    "lime": {
      "r": 128,
      "g": 199,
      "b": 31,
      "a": 200
    },
    "yellow": {
      "r": 254,
      "g": 216,
      "b": 61,
      "a": 200
    },
    "light_blue": {
      "r": 58,
      "g": 179,
      "b": 218,
      "a": 200
    },
    "magenta": {
      "r": 199,
      "g": 78,
      "b": 189,
      "a": 200
    },
    "orange": {
      "r": 249,
      "g": 128,
      "b": 29,
      "a": 200
    },
    "white": {
      "r": 249,
      "g": 255,
      "b": 254,
      "a": 200
    },
    "dark_blue": {
      "r": 0,
      "g": 0,
      "b": 204,
      "a": 200
    },
    "boricGreen": {
      "r": 41,
      "g": 200,
      "b": 50,
      "a": 50
    },
    "brightWhite": {
      "r": 150,
      "g": 150,
      "b": 150,
      "a": 50
    },
    "corundumBlack": {
      "r": 106,
      "g": 104,
      "b": 114,
      "a": 200
    },
    "corundumBlue": {
      "r": 64,
      "g": 197,
      "b": 235,
      "a": 200
    },
    "corundumGreen": {
      "r": 75,
      "g": 203,
      "b": 8,
      "a": 200
    },
    "corundumIndigo": {
      "r": 97,
      "g": 99,
      "b": 230,
      "a": 200
    },
    "corundumOrange": {
      "r": 240,
      "g": 127,
      "b": 0,
      "a": 200
    },
    "corundumRed": {
      "r": 255,
      "g": 37,
      "b": 68,
      "a": 200
    },
    "corundumViolet": {
      "r": 209,
      "g": 8,
      "b": 150,
      "a": 200
    },
    "corundumWhite": {
      "r": 215,
      "g": 226,
      "b": 237,
      "a": 200
    },
    "corundumYellow": {
      "r": 255,
      "g": 234,
      "b": 0,
      "a": 200
    },
    "darkPink": {
      "r": 120,
      "g": 24,
      "b": 70,
      "a": 200
    },
    "endPink": {
      "r": 100,
      "g": 26,
      "b": 99,
      "a": 200
    },
    "faintBlue": {
      "r": 27,
      "g": 75,
      "b": 110,
      "a": 50
    },
    "faintOrange": {
      "r": 120,
      "g": 55,
      "b": 0,
      "a": 50
    },
    "faintRed": {
      "r": 120,
      "g": 26,
      "b": 0,
      "a": 150
    },
    "faintWhite": {
      "r": 64,
      "g": 64,
      "b": 64,
      "a": 50
    },
    "glowstoneOrange": {
      "r": 255,
      "g": 100,
      "b": 0,
      "a": 50
    },
    "magmaRed": {
      "r": 255,
      "g": 26,
      "b": 0,
      "a": 150
    },
    "ochre": {
      "r": 150,
      "g": 85,
      "b": 0,
      "a": 50
    },
    "pastelOrange": {
      "r": 115,
      "g": 69,
      "b": 36,
      "a": 50
    },
    "pastelPurple": {
      "r": 150,
      "g": 75,
      "b": 255,
      "a": 255
    },
    "pearlescent": {
      "r": 50,
      "g": 0,
      "b": 100,
      "a": 50
    },
    "portalPurple": {
      "r": 47,
      "g": 2,
      "b": 187,
      "a": 200
    },
    "redstoneRed": {
      "r": 255,
      "g": 0,
      "b": 0,
      "a": 200
    },
    "shroomRed": {
      "r": 255,
      "g": 80,
      "b": 50,
      "a": 50
    },
    "soulBlue": {
      "r": 0,
      "g": 140,
      "b": 236,
      "a": 150
    },
    "soulGreen": {
      "r": 0,
      "g": 211,
      "b": 200,
      "a": 50
    },
    "verdant": {
      "r": 56,
      "g": 100,
      "b": 43,
      "a": 50
    }
  },
  "LightBlock": [
    {
      "block": "create:blaze_burner",
      "color": "#orange",
      "radius": 5
    },
    {
      "block": "create:lit_blaze_burner",
      "color": "#orange",
      "radius": 8
    },
    {
      "block": "create:elevator_contact",
      "color": "#orange",
      "radius": 7
    },
    {
      "block": "create:refined_radiance_casing",
      "color": "#orange",
      "radius": 8
    },
    {
      "block": "create:nixie_tube",
      "color": "#orange",
      "radius": 3
    },
    {
      "block": "create:white_nixie_tube",
      "color": "#white",
      "radius": 3
    },
    {
      "block": "create:magenta_nixie_tube",
      "color": "#magenta",
      "radius": 3
    },
    {
      "block": "create:light_blue_nixie_tube",
      "color": "#blue",
      "radius": 3
    },
    {
      "block": "create:yellow_nixie_tube",
      "color": "#yellow",
      "radius": 3
    },
    {
      "block": "create:lime_nixie_tube",
      "color": "#lime",
      "radius": 3
    },
    {
      "block": "create:pink_nixie_tube",
      "color": "#pink",
      "radius": 3
    },
    {
      "block": "create:gray_nixie_tube",
      "color": "#gray",
      "radius": 3
    },
    {
      "block": "create:light_gray_nixie_tube",
      "color": "#light_gray",
      "radius": 3
    },
    {
      "block": "create:cyan_nixie_tube",
      "color": "#cyan",
      "radius": 3
    },
    {
      "block": "create:purple_nixie_tube",
      "color": "#purple",
      "radius": 3
    },
    {
      "block": "create:blue_nixie_tube",
      "color": "#blue",
      "radius": 3
    },
    {
      "block": "create:brown_nixie_tube",
      "color": "#brown",
      "radius": 3
    },
    {
      "block": "create:green_nixie_tube",
      "color": "#green",
      "radius": 3
    },
    {
      "block": "create:red_nixie_tube",
      "color": "#red",
      "radius": 3
    },
    {
      "block": "create:black_nixie_tube",
      "color": "#black",
      "radius": 3
    },
    {
      "block": "create:rose_quartz_lamp",
      "color": "#orange",
      "radius": 10
    },
    {
      "block": "create:experience_block",
      "color": "#lime",
      "radius": 10
    }
  ],
  "LightItem": [],
  "Bloom": [
    {
      "particle": "create:cube"
    },
    {
      "particle": "create:fluid_particle"
    },
    {
      "particle": "create:basin_fluid"
    },
    {
      "particle": "create:fluid_drip"
    },
    {
      "particle": "create:soul"
    },
    {
      "particle": "create:soul_base"
    },
    {
      "particle": "create:soul_perimeter"
    },
    {
      "particle": "create:soul_expanding_perimeter"
    },
    {
      "fluid": "create:potion"
    },
    {
      "fluid": "create:flowing_potion"
    }
  ]
}