{
  "ColorReference": {
    "black": {
      "r": 29,
      "g": 29,
      "b": 33,
      "a": 200
    },
    "red": {
      "r": 176,
      "g": 46,
      "b": 38,
      "a": 200
    },
    "green": {
      "r": 94,
      "g": 124,
      "b": 22,
      "a": 200
    },
    "brown": {
      "r": 131,
      "g": 84,
      "b": 50,
      "a": 200
    },
    "blue": {
      "r": 60,
      "g": 68,
      "b": 170,
      "a": 200
    },
    "purple": {
      "r": 137,
      "g": 50,
      "b": 184,
      "a": 200
    },
    "cyan": {
      "r": 22,
      "g": 156,
      "b": 156,
      "a": 200
    },
    "light_gray": {
      "r": 157,
      "g": 157,
      "b": 151,
      "a": 200
    },
    "gray": {
      "r": 71,
      "g": 79,
      "b": 82,
      "a": 200
    },
    "pink": {
      "r": 243,
      "g": 139,
      "b": 170,
      "a": 200
    },
    "lime": {
      "r": 128,
      "g": 199,
      "b": 31,
      "a": 200
    },
    "yellow": {
      "r": 254,
      "g": 216,
      "b": 61,
      "a": 200
    },
    "light_blue": {
      "r": 58,
      "g": 179,
      "b": 218,
      "a": 200
    },
    "magenta": {
      "r": 199,
      "g": 78,
      "b": 189,
      "a": 200
    },
    "orange": {
      "r": 249,
      "g": 128,
      "b": 29,
      "a": 200
    },
    "white": {
      "r": 249,
      "g": 255,
      "b": 254,
      "a": 200
    },
    "dark_blue": {
      "r": 0,
      "g": 0,
      "b": 204,
      "a": 200
    },
    "boricGreen": {
      "r": 41,
      "g": 200,
      "b": 50,
      "a": 50
    },
    "brightWhite": {
      "r": 150,
      "g": 150,
      "b": 150,
      "a": 50
    },
    "corundumBlack": {
      "r": 106,
      "g": 104,
      "b": 114,
      "a": 200
    },
    "corundumBlue": {
      "r": 64,
      "g": 197,
      "b": 235,
      "a": 200
    },
    "corundumGreen": {
      "r": 75,
      "g": 203,
      "b": 8,
      "a": 200
    },
    "corundumIndigo": {
      "r": 97,
      "g": 99,
      "b": 230,
      "a": 200
    },
    "corundumOrange": {
      "r": 240,
      "g": 127,
      "b": 0,
      "a": 200
    },
    "corundumRed": {
      "r": 255,
      "g": 37,
      "b": 68,
      "a": 200
    },
    "corundumViolet": {
      "r": 209,
      "g": 8,
      "b": 150,
      "a": 200
    },
    "corundumWhite": {
      "r": 215,
      "g": 226,
      "b": 237,
      "a": 200
    },
    "corundumYellow": {
      "r": 255,
      "g": 234,
      "b": 0,
      "a": 200
    },
    "darkPink": {
      "r": 120,
      "g": 24,
      "b": 70,
      "a": 200
    },
    "endPink": {
      "r": 100,
      "g": 26,
      "b": 99,
      "a": 200
    },
    "faintBlue": {
      "r": 27,
      "g": 75,
      "b": 110,
      "a": 50
    },
    "faintOrange": {
      "r": 120,
      "g": 55,
      "b": 0,
      "a": 50
    },
    "faintRed": {
      "r": 120,
      "g": 26,
      "b": 0,
      "a": 150
    },
    "faintWhite": {
      "r": 64,
      "g": 64,
      "b": 64,
      "a": 50
    },
    "glowstoneOrange": {
      "r": 255,
      "g": 100,
      "b": 0,
      "a": 50
    },
    "magmaRed": {
      "r": 255,
      "g": 26,
      "b": 0,
      "a": 150
    },
    "ochre": {
      "r": 150,
      "g": 85,
      "b": 0,
      "a": 50
    },
    "pastelOrange": {
      "r": 115,
      "g": 69,
      "b": 36,
      "a": 50
    },
    "pastelPurple": {
      "r": 150,
      "g": 75,
      "b": 255,
      "a": 255
    },
    "pearlescent": {
      "r": 50,
      "g": 0,
      "b": 100,
      "a": 50
    },
    "portalPurple": {
      "r": 47,
      "g": 2,
      "b": 187,
      "a": 200
    },
    "redstoneRed": {
      "r": 255,
      "g": 0,
      "b": 0,
      "a": 200
    },
    "shroomRed": {
      "r": 255,
      "g": 80,
      "b": 50,
      "a": 50
    },
    "soulBlue": {
      "r": 0,
      "g": 140,
      "b": 236,
      "a": 150
    },
    "soulGreen": {
      "r": 0,
      "g": 211,
      "b": 200,
      "a": 50
    },
    "verdant": {
      "r": 56,
      "g": 100,
      "b": 43,
      "a": 50
    }
  },
  "LightBlock": [],
  "LightItem": [],
  "Bloom": [
    {
      "fluid": "gtceu:aluminium"
    },
    {
      "fluid": "gtceu:flowing_aluminium"
    },
    {
      "fluid": "gtceu:americium"
    },
    {
      "fluid": "gtceu:flowing_americium"
    },
    {
      "fluid": "gtceu:antimony"
    },
    {
      "fluid": "gtceu:flowing_antimony"
    },
    {
      "fluid": "gtceu:argon_plasma"
    },
    {
      "fluid": "gtceu:flowing_argon_plasma"
    },
    {
      "fluid": "gtceu:argon"
    },
    {
      "fluid": "gtceu:flowing_argon"
    },
    {
      "fluid": "gtceu:arsenic"
    },
    {
      "fluid": "gtceu:flowing_arsenic"
    },
    {
      "fluid": "gtceu:beryllium"
    },
    {
      "fluid": "gtceu:flowing_beryllium"
    },
    {
      "fluid": "gtceu:bismuth"
    },
    {
      "fluid": "gtceu:flowing_bismuth"
    },
    {
      "fluid": "gtceu:carbon"
    },
    {
      "fluid": "gtceu:flowing_carbon"
    },
    {
      "fluid": "gtceu:cerium"
    },
    {
      "fluid": "gtceu:flowing_cerium"
    },
    {
      "fluid": "gtceu:chlorine"
    },
    {
      "fluid": "gtceu:flowing_chlorine"
    },
    {
      "fluid": "gtceu:chromium"
    },
    {
      "fluid": "gtceu:flowing_chromium"
    },
    {
      "fluid": "gtceu:cobalt"
    },
    {
      "fluid": "gtceu:flowing_cobalt"
    },
    {
      "fluid": "gtceu:copper"
    },
    {
      "fluid": "gtceu:flowing_copper"
    },
    {
      "fluid": "gtceu:darmstadtium"
    },
    {
      "fluid": "gtceu:flowing_darmstadtium"
    },
    {
      "fluid": "gtceu:deuterium"
    },
    {
      "fluid": "gtceu:flowing_deuterium"
    },
    {
      "fluid": "gtceu:europium"
    },
    {
      "fluid": "gtceu:flowing_europium"
    },
    {
      "fluid": "gtceu:fluorine"
    },
    {
      "fluid": "gtceu:flowing_fluorine"
    },
    {
      "fluid": "gtceu:gallium"
    },
    {
      "fluid": "gtceu:flowing_gallium"
    },
    {
      "fluid": "gtceu:gold"
    },
    {
      "fluid": "gtceu:flowing_gold"
    },
    {
      "fluid": "gtceu:hydrogen"
    },
    {
      "fluid": "gtceu:flowing_hydrogen"
    },
    {
      "fluid": "gtceu:helium_plasma"
    },
    {
      "fluid": "gtceu:flowing_helium_plasma"
    },
    {
      "fluid": "gtceu:liquid_helium"
    },
    {
      "fluid": "gtceu:flowing_liquid_helium"
    },
    {
      "fluid": "gtceu:helium"
    },
    {
      "fluid": "gtceu:flowing_helium"
    },
    {
      "fluid": "gtceu:helium_3"
    },
    {
      "fluid": "gtceu:flowing_helium_3"
    },
    {
      "fluid": "gtceu:indium"
    },
    {
      "fluid": "gtceu:flowing_indium"
    },
    {
      "fluid": "gtceu:iridium"
    },
    {
      "fluid": "gtceu:flowing_iridium"
    },
    {
      "fluid": "gtceu:iron_plasma"
    },
    {
      "fluid": "gtceu:flowing_iron_plasma"
    },
    {
      "fluid": "gtceu:iron"
    },
    {
      "fluid": "gtceu:flowing_iron"
    },
    {
      "fluid": "gtceu:krypton"
    },
    {
      "fluid": "gtceu:flowing_krypton"
    },
    {
      "fluid": "gtceu:lanthanum"
    },
    {
      "fluid": "gtceu:flowing_lanthanum"
    },
    {
      "fluid": "gtceu:lead"
    },
    {
      "fluid": "gtceu:flowing_lead"
    },
    {
      "fluid": "gtceu:lithium"
    },
    {
      "fluid": "gtceu:flowing_lithium"
    },
    {
      "fluid": "gtceu:lutetium"
    },
    {
      "fluid": "gtceu:flowing_lutetium"
    },
    {
      "fluid": "gtceu:magnesium"
    },
    {
      "fluid": "gtceu:flowing_magnesium"
    },
    {
      "fluid": "gtceu:manganese"
    },
    {
      "fluid": "gtceu:flowing_manganese"
    },
    {
      "fluid": "gtceu:mercury"
    },
    {
      "fluid": "gtceu:flowing_mercury"
    },
    {
      "fluid": "gtceu:molybdenum"
    },
    {
      "fluid": "gtceu:flowing_molybdenum"
    },
    {
      "fluid": "gtceu:neodymium"
    },
    {
      "fluid": "gtceu:flowing_neodymium"
    },
    {
      "fluid": "gtceu:neon"
    },
    {
      "fluid": "gtceu:flowing_neon"
    },
    {
      "fluid": "gtceu:nickel_plasma"
    },
    {
      "fluid": "gtceu:flowing_nickel_plasma"
    },
    {
      "fluid": "gtceu:nickel"
    },
    {
      "fluid": "gtceu:flowing_nickel"
    },
    {
      "fluid": "gtceu:niobium"
    },
    {
      "fluid": "gtceu:flowing_niobium"
    },
    {
      "fluid": "gtceu:nitrogen_plasma"
    },
    {
      "fluid": "gtceu:flowing_nitrogen_plasma"
    },
    {
      "fluid": "gtceu:nitrogen"
    },
    {
      "fluid": "gtceu:flowing_nitrogen"
    },
    {
      "fluid": "gtceu:osmium"
    },
    {
      "fluid": "gtceu:flowing_osmium"
    },
    {
      "fluid": "gtceu:oxygen_plasma"
    },
    {
      "fluid": "gtceu:flowing_oxygen_plasma"
    },
    {
      "fluid": "gtceu:liquid_oxygen"
    },
    {
      "fluid": "gtceu:flowing_liquid_oxygen"
    },
    {
      "fluid": "gtceu:oxygen"
    },
    {
      "fluid": "gtceu:flowing_oxygen"
    },
    {
      "fluid": "gtceu:palladium"
    },
    {
      "fluid": "gtceu:flowing_palladium"
    },
    {
      "fluid": "gtceu:platinum"
    },
    {
      "fluid": "gtceu:flowing_platinum"
    },
    {
      "fluid": "gtceu:plutonium"
    },
    {
      "fluid": "gtceu:flowing_plutonium"
    },
    {
      "fluid": "gtceu:plutonium_241"
    },
    {
      "fluid": "gtceu:flowing_plutonium_241"
    },
    {
      "fluid": "gtceu:potassium"
    },
    {
      "fluid": "gtceu:flowing_potassium"
    },
    {
      "fluid": "gtceu:radon"
    },
    {
      "fluid": "gtceu:flowing_radon"
    },
    {
      "fluid": "gtceu:rhodium"
    },
    {
      "fluid": "gtceu:flowing_rhodium"
    },
    {
      "fluid": "gtceu:ruthenium"
    },
    {
      "fluid": "gtceu:flowing_ruthenium"
    },
    {
      "fluid": "gtceu:samarium"
    },
    {
      "fluid": "gtceu:flowing_samarium"
    },
    {
      "fluid": "gtceu:silicon"
    },
    {
      "fluid": "gtceu:flowing_silicon"
    },
    {
      "fluid": "gtceu:silver"
    },
    {
      "fluid": "gtceu:flowing_silver"
    },
    {
      "fluid": "gtceu:tantalum"
    },
    {
      "fluid": "gtceu:flowing_tantalum"
    },
    {
      "fluid": "gtceu:thorium"
    },
    {
      "fluid": "gtceu:flowing_thorium"
    },
    {
      "fluid": "gtceu:tin"
    },
    {
      "fluid": "gtceu:flowing_tin"
    },
    {
      "fluid": "gtceu:titanium"
    },
    {
      "fluid": "gtceu:flowing_titanium"
    },
    {
      "fluid": "gtceu:tritium"
    },
    {
      "fluid": "gtceu:flowing_tritium"
    },
    {
      "fluid": "gtceu:tungsten"
    },
    {
      "fluid": "gtceu:flowing_tungsten"
    },
    {
      "fluid": "gtceu:uranium"
    },
    {
      "fluid": "gtceu:flowing_uranium"
    },
    {
      "fluid": "gtceu:uranium_235"
    },
    {
      "fluid": "gtceu:flowing_uranium_235"
    },
    {
      "fluid": "gtceu:vanadium"
    },
    {
      "fluid": "gtceu:flowing_vanadium"
    },
    {
      "fluid": "gtceu:xenon"
    },
    {
      "fluid": "gtceu:flowing_xenon"
    },
    {
      "fluid": "gtceu:yttrium"
    },
    {
      "fluid": "gtceu:flowing_yttrium"
    },
    {
      "fluid": "gtceu:zinc"
    },
    {
      "fluid": "gtceu:flowing_zinc"
    },
    {
      "fluid": "gtceu:naquadah"
    },
    {
      "fluid": "gtceu:flowing_naquadah"
    },
    {
      "fluid": "gtceu:enriched_naquadah"
    },
    {
      "fluid": "gtceu:flowing_enriched_naquadah"
    },
    {
      "fluid": "gtceu:naquadria"
    },
    {
      "fluid": "gtceu:flowing_naquadria"
    },
    {
      "fluid": "gtceu:neutronium"
    },
    {
      "fluid": "gtceu:flowing_neutronium"
    },
    {
      "fluid": "gtceu:tritanium"
    },
    {
      "fluid": "gtceu:flowing_tritanium"
    },
    {
      "fluid": "gtceu:duranium"
    },
    {
      "fluid": "gtceu:flowing_duranium"
    },
    {
      "fluid": "gtceu:trinium"
    },
    {
      "fluid": "gtceu:flowing_trinium"
    },
    {
      "fluid": "gtceu:annealed_copper"
    },
    {
      "fluid": "gtceu:flowing_annealed_copper"
    },
    {
      "fluid": "gtceu:battery_alloy"
    },
    {
      "fluid": "gtceu:flowing_battery_alloy"
    },
    {
      "fluid": "gtceu:brass"
    },
    {
      "fluid": "gtceu:flowing_brass"
    },
    {
      "fluid": "gtceu:bronze"
    },
    {
      "fluid": "gtceu:flowing_bronze"
    },
    {
      "fluid": "gtceu:cupronickel"
    },
    {
      "fluid": "gtceu:flowing_cupronickel"
    },
    {
      "fluid": "gtceu:electrum"
    },
    {
      "fluid": "gtceu:flowing_electrum"
    },
    {
      "fluid": "gtceu:ice"
    },
    {
      "fluid": "gtceu:flowing_ice"
    },
    {
      "fluid": "gtceu:invar"
    },
    {
      "fluid": "gtceu:flowing_invar"
    },
    {
      "fluid": "gtceu:molten_kanthal"
    },
    {
      "fluid": "gtceu:flowing_molten_kanthal"
    },
    {
      "fluid": "gtceu:kanthal"
    },
    {
      "fluid": "gtceu:flowing_kanthal"
    },
    {
      "fluid": "gtceu:magnalium"
    },
    {
      "fluid": "gtceu:flowing_magnalium"
    },
    {
      "fluid": "gtceu:molten_nichrome"
    },
    {
      "fluid": "gtceu:flowing_molten_nichrome"
    },
    {
      "fluid": "gtceu:nichrome"
    },
    {
      "fluid": "gtceu:flowing_nichrome"
    },
    {
      "fluid": "gtceu:molten_niobium_nitride"
    },
    {
      "fluid": "gtceu:flowing_molten_niobium_nitride"
    },
    {
      "fluid": "gtceu:niobium_nitride"
    },
    {
      "fluid": "gtceu:flowing_niobium_nitride"
    },
    {
      "fluid": "gtceu:molten_niobium_titanium"
    },
    {
      "fluid": "gtceu:flowing_molten_niobium_titanium"
    },
    {
      "fluid": "gtceu:niobium_titanium"
    },
    {
      "fluid": "gtceu:flowing_niobium_titanium"
    },
    {
      "fluid": "gtceu:molten_sterling_silver"
    },
    {
      "fluid": "gtceu:flowing_molten_sterling_silver"
    },
    {
      "fluid": "gtceu:sterling_silver"
    },
    {
      "fluid": "gtceu:flowing_sterling_silver"
    },
    {
      "fluid": "gtceu:molten_rose_gold"
    },
    {
      "fluid": "gtceu:flowing_molten_rose_gold"
    },
    {
      "fluid": "gtceu:rose_gold"
    },
    {
      "fluid": "gtceu:flowing_rose_gold"
    },
    {
      "fluid": "gtceu:molten_black_bronze"
    },
    {
      "fluid": "gtceu:flowing_molten_black_bronze"
    },
    {
      "fluid": "gtceu:black_bronze"
    },
    {
      "fluid": "gtceu:flowing_black_bronze"
    },
    {
      "fluid": "gtceu:molten_bismuth_bronze"
    },
    {
      "fluid": "gtceu:flowing_molten_bismuth_bronze"
    },
    {
      "fluid": "gtceu:bismuth_bronze"
    },
    {
      "fluid": "gtceu:flowing_bismuth_bronze"
    },
    {
      "fluid": "gtceu:soldering_alloy"
    },
    {
      "fluid": "gtceu:flowing_soldering_alloy"
    },
    {
      "fluid": "gtceu:molten_stainless_steel"
    },
    {
      "fluid": "gtceu:flowing_molten_stainless_steel"
    },
    {
      "fluid": "gtceu:stainless_steel"
    },
    {
      "fluid": "gtceu:flowing_stainless_steel"
    },
    {
      "fluid": "gtceu:steel"
    },
    {
      "fluid": "gtceu:flowing_steel"
    },
    {
      "fluid": "gtceu:tin_alloy"
    },
    {
      "fluid": "gtceu:flowing_tin_alloy"
    },
    {
      "fluid": "gtceu:molten_ultimet"
    },
    {
      "fluid": "gtceu:flowing_molten_ultimet"
    },
    {
      "fluid": "gtceu:ultimet"
    },
    {
      "fluid": "gtceu:flowing_ultimet"
    },
    {
      "fluid": "gtceu:molten_vanadium_gallium"
    },
    {
      "fluid": "gtceu:flowing_molten_vanadium_gallium"
    },
    {
      "fluid": "gtceu:vanadium_gallium"
    },
    {
      "fluid": "gtceu:flowing_vanadium_gallium"
    },
    {
      "fluid": "gtceu:wrought_iron"
    },
    {
      "fluid": "gtceu:flowing_wrought_iron"
    },
    {
      "fluid": "gtceu:molten_yttrium_barium_cuprate"
    },
    {
      "fluid": "gtceu:flowing_molten_yttrium_barium_cuprate"
    },
    {
      "fluid": "gtceu:yttrium_barium_cuprate"
    },
    {
      "fluid": "gtceu:flowing_yttrium_barium_cuprate"
    },
    {
      "fluid": "gtceu:molten_osmiridium"
    },
    {
      "fluid": "gtceu:flowing_molten_osmiridium"
    },
    {
      "fluid": "gtceu:osmiridium"
    },
    {
      "fluid": "gtceu:flowing_osmiridium"
    },
    {
      "fluid": "gtceu:molten_gallium_arsenide"
    },
    {
      "fluid": "gtceu:flowing_molten_gallium_arsenide"
    },
    {
      "fluid": "gtceu:gallium_arsenide"
    },
    {
      "fluid": "gtceu:flowing_gallium_arsenide"
    },
    {
      "fluid": "gtceu:indium_gallium_phosphide"
    },
    {
      "fluid": "gtceu:flowing_indium_gallium_phosphide"
    },
    {
      "fluid": "gtceu:nickel_zinc_ferrite"
    },
    {
      "fluid": "gtceu:flowing_nickel_zinc_ferrite"
    },
    {
      "fluid": "gtceu:sodium_persulfate"
    },
    {
      "fluid": "gtceu:flowing_sodium_persulfate"
    },
    {
      "fluid": "gtceu:molten_tungsten_carbide"
    },
    {
      "fluid": "gtceu:flowing_molten_tungsten_carbide"
    },
    {
      "fluid": "gtceu:uranium_hexafluoride"
    },
    {
      "fluid": "gtceu:flowing_uranium_hexafluoride"
    },
    {
      "fluid": "gtceu:enriched_uranium_hexafluoride"
    },
    {
      "fluid": "gtceu:flowing_enriched_uranium_hexafluoride"
    },
    {
      "fluid": "gtceu:depleted_uranium_hexafluoride"
    },
    {
      "fluid": "gtceu:flowing_depleted_uranium_hexafluoride"
    },
    {
      "fluid": "gtceu:molten_uranium_rhodium_dinaquadide"
    },
    {
      "fluid": "gtceu:flowing_molten_uranium_rhodium_dinaquadide"
    },
    {
      "fluid": "gtceu:uranium_rhodium_dinaquadide"
    },
    {
      "fluid": "gtceu:flowing_uranium_rhodium_dinaquadide"
    },
    {
      "fluid": "gtceu:molten_enriched_naquadah_trinium_europium_duranide"
    },
    {
      "fluid": "gtceu:flowing_molten_enriched_naquadah_trinium_europium_duranide"
    },
    {
      "fluid": "gtceu:enriched_naquadah_trinium_europium_duranide"
    },
    {
      "fluid": "gtceu:flowing_enriched_naquadah_trinium_europium_duranide"
    },
    {
      "fluid": "gtceu:molten_ruthenium_trinium_americium_neutronate"
    },
    {
      "fluid": "gtceu:flowing_molten_ruthenium_trinium_americium_neutronate"
    },
    {
      "fluid": "gtceu:ruthenium_trinium_americium_neutronate"
    },
    {
      "fluid": "gtceu:flowing_ruthenium_trinium_americium_neutronate"
    },
    {
      "fluid": "gtceu:mutagen"
    },
    {
      "fluid": "gtceu:flowing_mutagen"
    },
    {
      "fluid": "gtceu:glowstone"
    },
    {
      "fluid": "gtceu:flowing_glowstone"
    },
    {
      "fluid": "gtceu:nether_star"
    },
    {
      "fluid": "gtceu:flowing_nether_star"
    },
    {
      "fluid": "gtceu:impure_enriched_naquadah_solution"
    },
    {
      "fluid": "gtceu:flowing_impure_enriched_naquadah_solution"
    },
    {
      "fluid": "gtceu:enriched_naquadah_solution"
    },
    {
      "fluid": "gtceu:flowing_enriched_naquadah_solution"
    },
    {
      "fluid": "gtceu:acidic_enriched_naquadah_solution"
    },
    {
      "fluid": "gtceu:flowing_acidic_enriched_naquadah_solution"
    },
    {
      "fluid": "gtceu:enriched_naquadah_waste"
    },
    {
      "fluid": "gtceu:flowing_enriched_naquadah_waste"
    },
    {
      "fluid": "gtceu:impure_naquadria_solution"
    },
    {
      "fluid": "gtceu:flowing_impure_naquadria_solution"
    },
    {
      "fluid": "gtceu:naquadria_solution"
    },
    {
      "fluid": "gtceu:flowing_naquadria_solution"
    },
    {
      "fluid": "gtceu:acidic_naquadria_solution"
    },
    {
      "fluid": "gtceu:flowing_acidic_naquadria_solution"
    },
    {
      "fluid": "gtceu:naquadria_waste"
    },
    {
      "fluid": "gtceu:flowing_naquadria_waste"
    },
    {
      "fluid": "gtceu:uu_matter"
    },
    {
      "fluid": "gtceu:flowing_uu_matter"
    },
    {
      "fluid": "gtceu:glass"
    },
    {
      "fluid": "gtceu:flowing_glass"
    },
    {
      "fluid": "gtceu:blaze"
    },
    {
      "fluid": "gtceu:flowing_blaze"
    },
    {
      "fluid": "gtceu:molten_black_steel"
    },
    {
      "fluid": "gtceu:flowing_molten_black_steel"
    },
    {
      "fluid": "gtceu:black_steel"
    },
    {
      "fluid": "gtceu:flowing_black_steel"
    },
    {
      "fluid": "gtceu:damascus_steel"
    },
    {
      "fluid": "gtceu:flowing_damascus_steel"
    },
    {
      "fluid": "gtceu:molten_tungsten_steel"
    },
    {
      "fluid": "gtceu:flowing_molten_tungsten_steel"
    },
    {
      "fluid": "gtceu:tungsten_steel"
    },
    {
      "fluid": "gtceu:flowing_tungsten_steel"
    },
    {
      "fluid": "gtceu:cobalt_brass"
    },
    {
      "fluid": "gtceu:flowing_cobalt_brass"
    },
    {
      "fluid": "gtceu:concrete"
    },
    {
      "fluid": "gtceu:flowing_concrete"
    },
    {
      "fluid": "gtceu:molten_vanadium_steel"
    },
    {
      "fluid": "gtceu:flowing_molten_vanadium_steel"
    },
    {
      "fluid": "gtceu:vanadium_steel"
    },
    {
      "fluid": "gtceu:flowing_vanadium_steel"
    },
    {
      "fluid": "gtceu:potin"
    },
    {
      "fluid": "gtceu:flowing_potin"
    },
    {
      "fluid": "gtceu:borosilicate_glass"
    },
    {
      "fluid": "gtceu:flowing_borosilicate_glass"
    },
    {
      "fluid": "gtceu:molten_naquadah_alloy"
    },
    {
      "fluid": "gtceu:flowing_molten_naquadah_alloy"
    },
    {
      "fluid": "gtceu:naquadah_alloy"
    },
    {
      "fluid": "gtceu:flowing_naquadah_alloy"
    },
    {
      "fluid": "gtceu:sulfuric_nickel_solution"
    },
    {
      "fluid": "gtceu:flowing_sulfuric_nickel_solution"
    },
    {
      "fluid": "gtceu:sulfuric_copper_solution"
    },
    {
      "fluid": "gtceu:flowing_sulfuric_copper_solution"
    },
    {
      "fluid": "gtceu:lead_zinc_solution"
    },
    {
      "fluid": "gtceu:flowing_lead_zinc_solution"
    },
    {
      "fluid": "gtceu:nitration_mixture"
    },
    {
      "fluid": "gtceu:flowing_nitration_mixture"
    },
    {
      "fluid": "gtceu:diluted_sulfuric_acid"
    },
    {
      "fluid": "gtceu:flowing_diluted_sulfuric_acid"
    },
    {
      "fluid": "gtceu:diluted_hydrochloric_acid"
    },
    {
      "fluid": "gtceu:flowing_diluted_hydrochloric_acid"
    },
    {
      "fluid": "gtceu:air"
    },
    {
      "fluid": "gtceu:flowing_air"
    },
    {
      "fluid": "gtceu:liquid_air"
    },
    {
      "fluid": "gtceu:flowing_liquid_air"
    },
    {
      "fluid": "gtceu:nether_air"
    },
    {
      "fluid": "gtceu:flowing_nether_air"
    },
    {
      "fluid": "gtceu:liquid_nether_air"
    },
    {
      "fluid": "gtceu:flowing_liquid_nether_air"
    },
    {
      "fluid": "gtceu:ender_air"
    },
    {
      "fluid": "gtceu:flowing_ender_air"
    },
    {
      "fluid": "gtceu:liquid_ender_air"
    },
    {
      "fluid": "gtceu:flowing_liquid_ender_air"
    },
    {
      "fluid": "gtceu:aqua_regia"
    },
    {
      "fluid": "gtceu:flowing_aqua_regia"
    },
    {
      "fluid": "gtceu:acidic_osmium_solution"
    },
    {
      "fluid": "gtceu:flowing_acidic_osmium_solution"
    },
    {
      "fluid": "gtceu:molten_rhodium_plated_palladium"
    },
    {
      "fluid": "gtceu:flowing_molten_rhodium_plated_palladium"
    },
    {
      "fluid": "gtceu:rhodium_plated_palladium"
    },
    {
      "fluid": "gtceu:flowing_rhodium_plated_palladium"
    },
    {
      "fluid": "gtceu:redstone"
    },
    {
      "fluid": "gtceu:flowing_redstone"
    },
    {
      "fluid": "gtceu:molten_red_steel"
    },
    {
      "fluid": "gtceu:flowing_molten_red_steel"
    },
    {
      "fluid": "gtceu:red_steel"
    },
    {
      "fluid": "gtceu:flowing_red_steel"
    },
    {
      "fluid": "gtceu:molten_blue_steel"
    },
    {
      "fluid": "gtceu:flowing_molten_blue_steel"
    },
    {
      "fluid": "gtceu:blue_steel"
    },
    {
      "fluid": "gtceu:flowing_blue_steel"
    },
    {
      "fluid": "gtceu:molten_hssg"
    },
    {
      "fluid": "gtceu:flowing_molten_hssg"
    },
    {
      "fluid": "gtceu:hssg"
    },
    {
      "fluid": "gtceu:flowing_hssg"
    },
    {
      "fluid": "gtceu:red_alloy"
    },
    {
      "fluid": "gtceu:flowing_red_alloy"
    },
    {
      "fluid": "gtceu:molten_hsse"
    },
    {
      "fluid": "gtceu:flowing_molten_hsse"
    },
    {
      "fluid": "gtceu:hsse"
    },
    {
      "fluid": "gtceu:flowing_hsse"
    },
    {
      "fluid": "gtceu:molten_hsss"
    },
    {
      "fluid": "gtceu:flowing_molten_hsss"
    },
    {
      "fluid": "gtceu:hsss"
    },
    {
      "fluid": "gtceu:flowing_hsss"
    },
    {
      "fluid": "gtceu:blue_alloy"
    },
    {
      "fluid": "gtceu:flowing_blue_alloy"
    },
    {
      "fluid": "gtceu:molten_tantalum_carbide"
    },
    {
      "fluid": "gtceu:flowing_molten_tantalum_carbide"
    },
    {
      "fluid": "gtceu:tantalum_carbide"
    },
    {
      "fluid": "gtceu:flowing_tantalum_carbide"
    },
    {
      "fluid": "gtceu:molten_hsla_steel"
    },
    {
      "fluid": "gtceu:flowing_molten_hsla_steel"
    },
    {
      "fluid": "gtceu:hsla_steel"
    },
    {
      "fluid": "gtceu:flowing_hsla_steel"
    },
    {
      "fluid": "gtceu:molten_molybdenum_disilicide"
    },
    {
      "fluid": "gtceu:flowing_molten_molybdenum_disilicide"
    },
    {
      "fluid": "gtceu:molybdenum_disilicide"
    },
    {
      "fluid": "gtceu:flowing_molybdenum_disilicide"
    },
    {
      "fluid": "gtceu:molten_zeron_100"
    },
    {
      "fluid": "gtceu:flowing_molten_zeron_100"
    },
    {
      "fluid": "gtceu:zeron_100"
    },
    {
      "fluid": "gtceu:flowing_zeron_100"
    },
    {
      "fluid": "gtceu:molten_watertight_steel"
    },
    {
      "fluid": "gtceu:flowing_molten_watertight_steel"
    },
    {
      "fluid": "gtceu:watertight_steel"
    },
    {
      "fluid": "gtceu:flowing_watertight_steel"
    },
    {
      "fluid": "gtceu:molten_incoloy_ma_956"
    },
    {
      "fluid": "gtceu:flowing_molten_incoloy_ma_956"
    },
    {
      "fluid": "gtceu:incoloy_ma_956"
    },
    {
      "fluid": "gtceu:flowing_incoloy_ma_956"
    },
    {
      "fluid": "gtceu:molten_maraging_steel_300"
    },
    {
      "fluid": "gtceu:flowing_molten_maraging_steel_300"
    },
    {
      "fluid": "gtceu:maraging_steel_300"
    },
    {
      "fluid": "gtceu:flowing_maraging_steel_300"
    },
    {
      "fluid": "gtceu:molten_hastelloy_x"
    },
    {
      "fluid": "gtceu:flowing_molten_hastelloy_x"
    },
    {
      "fluid": "gtceu:hastelloy_x"
    },
    {
      "fluid": "gtceu:flowing_hastelloy_x"
    },
    {
      "fluid": "gtceu:molten_stellite_100"
    },
    {
      "fluid": "gtceu:flowing_molten_stellite_100"
    },
    {
      "fluid": "gtceu:stellite_100"
    },
    {
      "fluid": "gtceu:flowing_stellite_100"
    },
    {
      "fluid": "gtceu:molten_titanium_carbide"
    },
    {
      "fluid": "gtceu:flowing_molten_titanium_carbide"
    },
    {
      "fluid": "gtceu:titanium_carbide"
    },
    {
      "fluid": "gtceu:flowing_titanium_carbide"
    },
    {
      "fluid": "gtceu:molten_titanium_tungsten_carbide"
    },
    {
      "fluid": "gtceu:flowing_molten_titanium_tungsten_carbide"
    },
    {
      "fluid": "gtceu:titanium_tungsten_carbide"
    },
    {
      "fluid": "gtceu:flowing_titanium_tungsten_carbide"
    },
    {
      "fluid": "gtceu:molten_hastelloy_c_276"
    },
    {
      "fluid": "gtceu:flowing_molten_hastelloy_c_276"
    },
    {
      "fluid": "gtceu:hastelloy_c_276"
    },
    {
      "fluid": "gtceu:flowing_hastelloy_c_276"
    },
    {
      "fluid": "gtceu:inert_nether_essence"
    },
    {
      "fluid": "gtceu:flowing_inert_nether_essence"
    },
    {
      "fluid": "gtceu:molten_trinaquadalloy"
    },
    {
      "fluid": "gtceu:flowing_molten_trinaquadalloy"
    },
    {
      "fluid": "gtceu:trinaquadalloy"
    },
    {
      "fluid": "gtceu:flowing_trinaquadalloy"
    },
    {
      "fluid": "gtceu:star_matter_plasma"
    },
    {
      "fluid": "gtceu:flowing_star_matter_plasma"
    },
    {
      "fluid": "gtceu:molten_nitinol"
    },
    {
      "fluid": "gtceu:flowing_molten_nitinol"
    },
    {
      "fluid": "gtceu:nitinol"
    },
    {
      "fluid": "gtceu:flowing_nitinol"
    }
  ]
}