{
  "ColorReference": {
    "black": {
      "r": 29,
      "g": 29,
      "b": 33,
      "a": 200
    },
    "red": {
      "r": 176,
      "g": 46,
      "b": 38,
      "a": 200
    },
    "green": {
      "r": 94,
      "g": 124,
      "b": 22,
      "a": 200
    },
    "brown": {
      "r": 131,
      "g": 84,
      "b": 50,
      "a": 200
    },
    "blue": {
      "r": 60,
      "g": 68,
      "b": 170,
      "a": 200
    },
    "purple": {
      "r": 137,
      "g": 50,
      "b": 184,
      "a": 200
    },
    "cyan": {
      "r": 22,
      "g": 156,
      "b": 156,
      "a": 200
    },
    "light_gray": {
      "r": 157,
      "g": 157,
      "b": 151,
      "a": 200
    },
    "gray": {
      "r": 71,
      "g": 79,
      "b": 82,
      "a": 200
    },
    "pink": {
      "r": 243,
      "g": 139,
      "b": 170,
      "a": 200
    },
    "lime": {
      "r": 128,
      "g": 199,
      "b": 31,
      "a": 200
    },
    "yellow": {
      "r": 254,
      "g": 216,
      "b": 61,
      "a": 200
    },
    "light_blue": {
      "r": 58,
      "g": 179,
      "b": 218,
      "a": 200
    },
    "magenta": {
      "r": 199,
      "g": 78,
      "b": 189,
      "a": 200
    },
    "orange": {
      "r": 249,
      "g": 128,
      "b": 29,
      "a": 200
    },
    "white": {
      "r": 249,
      "g": 255,
      "b": 254,
      "a": 200
    },
    "dark_blue": {
      "r": 0,
      "g": 0,
      "b": 204,
      "a": 200
    },
    "boricGreen": {
      "r": 41,
      "g": 200,
      "b": 50,
      "a": 50
    },
    "brightWhite": {
      "r": 150,
      "g": 150,
      "b": 150,
      "a": 50
    },
    "corundumBlack": {
      "r": 106,
      "g": 104,
      "b": 114,
      "a": 200
    },
    "corundumBlue": {
      "r": 64,
      "g": 197,
      "b": 235,
      "a": 200
    },
    "corundumGreen": {
      "r": 75,
      "g": 203,
      "b": 8,
      "a": 200
    },
    "corundumIndigo": {
      "r": 97,
      "g": 99,
      "b": 230,
      "a": 200
    },
    "corundumOrange": {
      "r": 240,
      "g": 127,
      "b": 0,
      "a": 200
    },
    "corundumRed": {
      "r": 255,
      "g": 37,
      "b": 68,
      "a": 200
    },
    "corundumViolet": {
      "r": 209,
      "g": 8,
      "b": 150,
      "a": 200
    },
    "corundumWhite": {
      "r": 215,
      "g": 226,
      "b": 237,
      "a": 200
    },
    "corundumYellow": {
      "r": 255,
      "g": 234,
      "b": 0,
      "a": 200
    },
    "darkPink": {
      "r": 120,
      "g": 24,
      "b": 70,
      "a": 200
    },
    "endPink": {
      "r": 100,
      "g": 26,
      "b": 99,
      "a": 200
    },
    "faintBlue": {
      "r": 27,
      "g": 75,
      "b": 110,
      "a": 50
    },
    "faintOrange": {
      "r": 120,
      "g": 55,
      "b": 0,
      "a": 50
    },
    "faintRed": {
      "r": 120,
      "g": 26,
      "b": 0,
      "a": 150
    },
    "faintWhite": {
      "r": 64,
      "g": 64,
      "b": 64,
      "a": 50
    },
    "glowstoneOrange": {
      "r": 255,
      "g": 100,
      "b": 0,
      "a": 50
    },
    "magmaRed": {
      "r": 255,
      "g": 26,
      "b": 0,
      "a": 150
    },
    "ochre": {
      "r": 150,
      "g": 85,
      "b": 0,
      "a": 50
    },
    "pastelOrange": {
      "r": 115,
      "g": 69,
      "b": 36,
      "a": 50
    },
    "pastelPurple": {
      "r": 150,
      "g": 75,
      "b": 255,
      "a": 255
    },
    "pearlescent": {
      "r": 50,
      "g": 0,
      "b": 100,
      "a": 50
    },
    "portalPurple": {
      "r": 47,
      "g": 2,
      "b": 187,
      "a": 200
    },
    "redstoneRed": {
      "r": 255,
      "g": 0,
      "b": 0,
      "a": 200
    },
    "shroomRed": {
      "r": 255,
      "g": 80,
      "b": 50,
      "a": 50
    },
    "soulBlue": {
      "r": 0,
      "g": 140,
      "b": 236,
      "a": 150
    },
    "soulGreen": {
      "r": 0,
      "g": 211,
      "b": 200,
      "a": 50
    },
    "verdant": {
      "r": 56,
      "g": 100,
      "b": 43,
      "a": 50
    }
  },
  "LightBlock": [
    {
      "block": "mcwlights:white_lamp",
      "color": "#white",
      "radius": 10,
      "state": {
        "lit": "true",
        "part": "base"
      }
    },
    {
      "block": "mcwlights:white_lamp",
      "color": "#white",
      "radius": 0,
      "state": {
        "lit": "false",
        "part": "base"
      }
    },
    {
      "block": "mcwlights:orange_lamp",
      "color": "#orange",
      "radius": 10,
      "state": {
        "lit": "true",
        "part": "base"
      }
    },
    {
      "block": "mcwlights:orange_lamp",
      "color": "#orange",
      "radius": 0,
      "state": {
        "lit": "false",
        "part": "base"
      }
    },
    {
      "block": "mcwlights:magenta_lamp",
      "color": "#magenta",
      "radius": 10,
      "state": {
        "lit": "true",
        "part": "base"
      }
    },
    {
      "block": "mcwlights:magenta_lamp",
      "color": "#magenta",
      "radius": 0,
      "state": {
        "lit": "false",
        "part": "base"
      }
    },
    {
      "block": "mcwlights:light_blue_lamp",
      "color": "#blue",
      "radius": 10,
      "state": {
        "lit": "true",
        "part": "base"
      }
    },
    {
      "block": "mcwlights:light_blue_lamp",
      "color": "#blue",
      "radius": 0,
      "state": {
        "lit": "false",
        "part": "base"
      }
    },
    {
      "block": "mcwlights:yellow_lamp",
      "color": "#yellow",
      "radius": 10,
      "state": {
        "lit": "true",
        "part": "base"
      }
    },
    {
      "block": "mcwlights:yellow_lamp",
      "color": "#yellow",
      "radius": 0,
      "state": {
        "lit": "false",
        "part": "base"
      }
    },
    {
      "block": "mcwlights:lime_lamp",
      "color": "#lime",
      "radius": 10,
      "state": {
        "lit": "true",
        "part": "base"
      }
    },
    {
      "block": "mcwlights:lime_lamp",
      "color": "#lime",
      "radius": 0,
      "state": {
        "lit": "false",
        "part": "base"
      }
    },
    {
      "block": "mcwlights:pink_lamp",
      "color": "#pink",
      "radius": 10,
      "state": {
        "lit": "true",
        "part": "base"
      }
    },
    {
      "block": "mcwlights:pink_lamp",
      "color": "#pink",
      "radius": 0,
      "state": {
        "lit": "false",
        "part": "base"
      }
    },
    {
      "block": "mcwlights:gray_lamp",
      "color": "#gray",
      "radius": 10,
      "state": {
        "lit": "true",
        "part": "base"
      }
    },
    {
      "block": "mcwlights:gray_lamp",
      "color": "#gray",
      "radius": 0,
      "state": {
        "lit": "false",
        "part": "base"
      }
    },
    {
      "block": "mcwlights:light_gray_lamp",
      "color": "#light_gray",
      "radius": 10,
      "state": {
        "lit": "true",
        "part": "base"
      }
    },
    {
      "block": "mcwlights:light_gray_lamp",
      "color": "#light_gray",
      "radius": 0,
      "state": {
        "lit": "false",
        "part": "base"
      }
    },
    {
      "block": "mcwlights:cyan_lamp",
      "color": "#cyan",
      "radius": 10,
      "state": {
        "lit": "true",
        "part": "base"
      }
    },
    {
      "block": "mcwlights:cyan_lamp",
      "color": "#cyan",
      "radius": 0,
      "state": {
        "lit": "false",
        "part": "base"
      }
    },
    {
      "block": "mcwlights:purple_lamp",
      "color": "#purple",
      "radius": 10,
      "state": {
        "lit": "true",
        "part": "base"
      }
    },
    {
      "block": "mcwlights:purple_lamp",
      "color": "#purple",
      "radius": 0,
      "state": {
        "lit": "false",
        "part": "base"
      }
    },
    {
      "block": "mcwlights:blue_lamp",
      "color": "#blue",
      "radius": 10,
      "state": {
        "lit": "true",
        "part": "base"
      }
    },
    {
      "block": "mcwlights:blue_lamp",
      "color": "#blue",
      "radius": 0,
      "state": {
        "lit": "false",
        "part": "base"
      }
    },
    {
      "block": "mcwlights:brown_lamp",
      "color": "#brown",
      "radius": 10,
      "state": {
        "lit": "true",
        "part": "base"
      }
    },
    {
      "block": "mcwlights:brown_lamp",
      "color": "#brown",
      "radius": 0,
      "state": {
        "lit": "false",
        "part": "base"
      }
    },
    {
      "block": "mcwlights:green_lamp",
      "color": "#green",
      "radius": 10,
      "state": {
        "lit": "true",
        "part": "base"
      }
    },
    {
      "block": "mcwlights:green_lamp",
      "color": "#green",
      "radius": 0,
      "state": {
        "lit": "false",
        "part": "base"
      }
    },
    {
      "block": "mcwlights:red_lamp",
      "color": "#red",
      "radius": 10,
      "state": {
        "lit": "true",
        "part": "base"
      }
    },
    {
      "block": "mcwlights:red_lamp",
      "color": "#red",
      "radius": 0,
      "state": {
        "lit": "false",
        "part": "base"
      }
    },
    {
      "block": "mcwlights:black_lamp",
      "color": "#black",
      "radius": 10,
      "state": {
        "lit": "true",
        "part": "base"
      }
    },
    {
      "block": "mcwlights:black_lamp",
      "color": "#black",
      "radius": 0,
      "state": {
        "lit": "false",
        "part": "base"
      }
    },
    {
      "block": "mcwlights:oak_tiki_torch",
      "color": "#orange",
      "radius": 10,
      "state": {
        "lit": "true",
        "part": "base"
      }
    },
    {
      "block": "mcwlights:oak_tiki_torch",
      "color": "#orange",
      "radius": 0,
      "state": {
        "lit": "false",
        "part": "base"
      }
    },
    {
      "block": "mcwlights:spruce_tiki_torch",
      "color": "#orange",
      "radius": 10,
      "state": {
        "lit": "true",
        "part": "base"
      }
    },
    {
      "block": "mcwlights:spruce_tiki_torch",
      "color": "#orange",
      "radius": 0,
      "state": {
        "lit": "false",
        "part": "base"
      }
    },
    {
      "block": "mcwlights:birch_tiki_torch",
      "color": "#orange",
      "radius": 10,
      "state": {
        "lit": "true",
        "part": "base"
      }
    },
    {
      "block": "mcwlights:birch_tiki_torch",
      "color": "#orange",
      "radius": 0,
      "state": {
        "lit": "false",
        "part": "base"
      }
    },
    {
      "block": "mcwlights:jungle_tiki_torch",
      "color": "#orange",
      "radius": 10,
      "state": {
        "lit": "true",
        "part": "base"
      }
    },
    {
      "block": "mcwlights:jungle_tiki_torch",
      "color": "#orange",
      "radius": 0,
      "state": {
        "lit": "false",
        "part": "base"
      }
    },
    {
      "block": "mcwlights:acacia_tiki_torch",
      "color": "#orange",
      "radius": 10,
      "state": {
        "lit": "true",
        "part": "base"
      }
    },
    {
      "block": "mcwlights:acacia_tiki_torch",
      "color": "#orange",
      "radius": 0,
      "state": {
        "lit": "false",
        "part": "base"
      }
    },
    {
      "block": "mcwlights:dark_oak_tiki_torch",
      "color": "#orange",
      "radius": 10,
      "state": {
        "lit": "true",
        "part": "base"
      }
    },
    {
      "block": "mcwlights:dark_oak_tiki_torch",
      "color": "#orange",
      "radius": 0,
      "state": {
        "lit": "false",
        "part": "base"
      }
    },
    {
      "block": "mcwlights:crimson_tiki_torch",
      "color": "#orange",
      "radius": 10,
      "state": {
        "lit": "true",
        "part": "base"
      }
    },
    {
      "block": "mcwlights:crimson_tiki_torch",
      "color": "#orange",
      "radius": 0,
      "state": {
        "lit": "false",
        "part": "base"
      }
    },
    {
      "block": "mcwlights:warped_tiki_torch",
      "color": "#orange",
      "radius": 10,
      "state": {
        "lit": "true",
        "part": "base"
      }
    },
    {
      "block": "mcwlights:warped_tiki_torch",
      "color": "#orange",
      "radius": 0,
      "state": {
        "lit": "false",
        "part": "base"
      }
    },
    {
      "block": "mcwlights:mangrove_tiki_torch",
      "color": "#orange",
      "radius": 10,
      "state": {
        "lit": "true",
        "part": "base"
      }
    },
    {
      "block": "mcwlights:mangrove_tiki_torch",
      "color": "#orange",
      "radius": 0,
      "state": {
        "lit": "false",
        "part": "base"
      }
    },
    {
      "block": "mcwlights:bamboo_tiki_torch",
      "color": "#orange",
      "radius": 10,
      "state": {
        "lit": "true",
        "part": "base"
      }
    },
    {
      "block": "mcwlights:bamboo_tiki_torch",
      "color": "#orange",
      "radius": 0,
      "state": {
        "lit": "false",
        "part": "base"
      }
    },
    {
      "block": "mcwlights:soul_oak_tiki_torch",
      "color": "#dark_blue",
      "radius": 10,
      "state": {
        "lit": "true",
        "part": "base"
      }
    },
    {
      "block": "mcwlights:soul_oak_tiki_torch",
      "color": "#dark_blue",
      "radius": 0,
      "state": {
        "lit": "false",
        "part": "base"
      }
    },
    {
      "block": "mcwlights:soul_spruce_tiki_torch",
      "color": "#dark_blue",
      "radius": 10,
      "state": {
        "lit": "true",
        "part": "base"
      }
    },
    {
      "block": "mcwlights:soul_spruce_tiki_torch",
      "color": "#dark_blue",
      "radius": 0,
      "state": {
        "lit": "false",
        "part": "base"
      }
    },
    {
      "block": "mcwlights:soul_birch_tiki_torch",
      "color": "#dark_blue",
      "radius": 10,
      "state": {
        "lit": "true",
        "part": "base"
      }
    },
    {
      "block": "mcwlights:soul_birch_tiki_torch",
      "color": "#dark_blue",
      "radius": 0,
      "state": {
        "lit": "false",
        "part": "base"
      }
    },
    {
      "block": "mcwlights:soul_jungle_tiki_torch",
      "color": "#dark_blue",
      "radius": 10,
      "state": {
        "lit": "true",
        "part": "base"
      }
    },
    {
      "block": "mcwlights:soul_jungle_tiki_torch",
      "color": "#dark_blue",
      "radius": 0,
      "state": {
        "lit": "false",
        "part": "base"
      }
    },
    {
      "block": "mcwlights:soul_acacia_tiki_torch",
      "color": "#dark_blue",
      "radius": 10,
      "state": {
        "lit": "true",
        "part": "base"
      }
    },
    {
      "block": "mcwlights:soul_acacia_tiki_torch",
      "color": "#dark_blue",
      "radius": 0,
      "state": {
        "lit": "false",
        "part": "base"
      }
    },
    {
      "block": "mcwlights:soul_dark_oak_tiki_torch",
      "color": "#dark_blue",
      "radius": 10,
      "state": {
        "lit": "true",
        "part": "base"
      }
    },
    {
      "block": "mcwlights:soul_dark_oak_tiki_torch",
      "color": "#dark_blue",
      "radius": 0,
      "state": {
        "lit": "false",
        "part": "base"
      }
    },
    {
      "block": "mcwlights:soul_crimson_tiki_torch",
      "color": "#dark_blue",
      "radius": 10,
      "state": {
        "lit": "true",
        "part": "base"
      }
    },
    {
      "block": "mcwlights:soul_crimson_tiki_torch",
      "color": "#dark_blue",
      "radius": 0,
      "state": {
        "lit": "false",
        "part": "base"
      }
    },
    {
      "block": "mcwlights:soul_warped_tiki_torch",
      "color": "#dark_blue",
      "radius": 10,
      "state": {
        "lit": "true",
        "part": "base"
      }
    },
    {
      "block": "mcwlights:soul_warped_tiki_torch",
      "color": "#dark_blue",
      "radius": 0,
      "state": {
        "lit": "false",
        "part": "base"
      }
    },
    {
      "block": "mcwlights:soul_mangrove_tiki_torch",
      "color": "#dark_blue",
      "radius": 10,
      "state": {
        "lit": "true",
        "part": "base"
      }
    },
    {
      "block": "mcwlights:soul_mangrove_tiki_torch",
      "color": "#dark_blue",
      "radius": 0,
      "state": {
        "lit": "false",
        "part": "base"
      }
    },
    {
      "block": "mcwlights:soul_bamboo_tiki_torch",
      "color": "#dark_blue",
      "radius": 10,
      "state": {
        "lit": "true",
        "part": "base"
      }
    },
    {
      "block": "mcwlights:soul_bamboo_tiki_torch",
      "color": "#dark_blue",
      "radius": 0,
      "state": {
        "lit": "false",
        "part": "base"
      }
    },
    {
      "block": "mcwlights:white_ceiling_light",
      "color": "#white",
      "radius": 10,
      "state": {
        "lit": "true",
        "part": "base"
      }
    },
    {
      "block": "mcwlights:white_ceiling_light",
      "color": "#white",
      "radius": 0,
      "state": {
        "lit": "false",
        "part": "base"
      }
    },
    {
      "block": "mcwlights:orange_ceiling_light",
      "color": "#orange",
      "radius": 10,
      "state": {
        "lit": "true",
        "part": "base"
      }
    },
    {
      "block": "mcwlights:orange_ceiling_light",
      "color": "#orange",
      "radius": 0,
      "state": {
        "lit": "false",
        "part": "base"
      }
    },
    {
      "block": "mcwlights:magenta_ceiling_light",
      "color": "#magenta",
      "radius": 10,
      "state": {
        "lit": "true",
        "part": "base"
      }
    },
    {
      "block": "mcwlights:magenta_ceiling_light",
      "color": "#magenta",
      "radius": 0,
      "state": {
        "lit": "false",
        "part": "base"
      }
    },
    {
      "block": "mcwlights:light_blue_ceiling_light",
      "color": "#blue",
      "radius": 10,
      "state": {
        "lit": "true",
        "part": "base"
      }
    },
    {
      "block": "mcwlights:light_blue_ceiling_light",
      "color": "#blue",
      "radius": 0,
      "state": {
        "lit": "false",
        "part": "base"
      }
    },
    {
      "block": "mcwlights:yellow_ceiling_light",
      "color": "#yellow",
      "radius": 10,
      "state": {
        "lit": "true",
        "part": "base"
      }
    },
    {
      "block": "mcwlights:yellow_ceiling_light",
      "color": "#yellow",
      "radius": 0,
      "state": {
        "lit": "false",
        "part": "base"
      }
    },
    {
      "block": "mcwlights:lime_ceiling_light",
      "color": "#lime",
      "radius": 10,
      "state": {
        "lit": "true",
        "part": "base"
      }
    },
    {
      "block": "mcwlights:lime_ceiling_light",
      "color": "#lime",
      "radius": 0,
      "state": {
        "lit": "false",
        "part": "base"
      }
    },
    {
      "block": "mcwlights:pink_ceiling_light",
      "color": "#pink",
      "radius": 10,
      "state": {
        "lit": "true",
        "part": "base"
      }
    },
    {
      "block": "mcwlights:pink_ceiling_light",
      "color": "#pink",
      "radius": 0,
      "state": {
        "lit": "false",
        "part": "base"
      }
    },
    {
      "block": "mcwlights:gray_ceiling_light",
      "color": "#gray",
      "radius": 10,
      "state": {
        "lit": "true",
        "part": "base"
      }
    },
    {
      "block": "mcwlights:gray_ceiling_light",
      "color": "#gray",
      "radius": 0,
      "state": {
        "lit": "false",
        "part": "base"
      }
    },
    {
      "block": "mcwlights:light_gray_ceiling_light",
      "color": "#light_gray",
      "radius": 10,
      "state": {
        "lit": "true",
        "part": "base"
      }
    },
    {
      "block": "mcwlights:light_gray_ceiling_light",
      "color": "#light_gray",
      "radius": 0,
      "state": {
        "lit": "false",
        "part": "base"
      }
    },
    {
      "block": "mcwlights:cyan_ceiling_light",
      "color": "#cyan",
      "radius": 10,
      "state": {
        "lit": "true",
        "part": "base"
      }
    },
    {
      "block": "mcwlights:cyan_ceiling_light",
      "color": "#cyan",
      "radius": 0,
      "state": {
        "lit": "false",
        "part": "base"
      }
    },
    {
      "block": "mcwlights:purple_ceiling_light",
      "color": "#purple",
      "radius": 10,
      "state": {
        "lit": "true",
        "part": "base"
      }
    },
    {
      "block": "mcwlights:purple_ceiling_light",
      "color": "#purple",
      "radius": 0,
      "state": {
        "lit": "false",
        "part": "base"
      }
    },
    {
      "block": "mcwlights:blue_ceiling_light",
      "color": "#blue",
      "radius": 10,
      "state": {
        "lit": "true",
        "part": "base"
      }
    },
    {
      "block": "mcwlights:blue_ceiling_light",
      "color": "#blue",
      "radius": 0,
      "state": {
        "lit": "false",
        "part": "base"
      }
    },
    {
      "block": "mcwlights:brown_ceiling_light",
      "color": "#brown",
      "radius": 10,
      "state": {
        "lit": "true",
        "part": "base"
      }
    },
    {
      "block": "mcwlights:brown_ceiling_light",
      "color": "#brown",
      "radius": 0,
      "state": {
        "lit": "false",
        "part": "base"
      }
    },
    {
      "block": "mcwlights:green_ceiling_light",
      "color": "#green",
      "radius": 10,
      "state": {
        "lit": "true",
        "part": "base"
      }
    },
    {
      "block": "mcwlights:green_ceiling_light",
      "color": "#green",
      "radius": 0,
      "state": {
        "lit": "false",
        "part": "base"
      }
    },
    {
      "block": "mcwlights:red_ceiling_light",
      "color": "#red",
      "radius": 10,
      "state": {
        "lit": "true",
        "part": "base"
      }
    },
    {
      "block": "mcwlights:red_ceiling_light",
      "color": "#red",
      "radius": 0,
      "state": {
        "lit": "false",
        "part": "base"
      }
    },
    {
      "block": "mcwlights:black_ceiling_light",
      "color": "#black",
      "radius": 10,
      "state": {
        "lit": "true",
        "part": "base"
      }
    },
    {
      "block": "mcwlights:black_ceiling_light",
      "color": "#black",
      "radius": 0,
      "state": {
        "lit": "false",
        "part": "base"
      }
    },
    {
      "block": "mcwlights:classic_street_lamp",
      "color": "#orange",
      "radius": 10,
      "state": {
        "lit": "true",
        "part": "base"
      }
    },
    {
      "block": "mcwlights:classic_street_lamp",
      "color": "#orange",
      "radius": 0,
      "state": {
        "lit": "false",
        "part": "base"
      }
    },
    {
      "block": "mcwlights:double_street_lamp",
      "color": "#orange",
      "radius": 10,
      "state": {
        "lit": "true",
        "part": "base"
      }
    },
    {
      "block": "mcwlights:double_street_lamp",
      "color": "#orange",
      "radius": 0,
      "state": {
        "lit": "false",
        "part": "base"
      }
    },
    {
      "block": "mcwlights:soul_classic_street_lamp",
      "color": "#dark_blue",
      "radius": 10,
      "state": {
        "lit": "true",
        "part": "base"
      }
    },
    {
      "block": "mcwlights:soul_classic_street_lamp",
      "color": "#dark_blue",
      "radius": 0,
      "state": {
        "lit": "false",
        "part": "base"
      }
    },
    {
      "block": "mcwlights:soul_double_street_lamp",
      "color": "#dark_blue",
      "radius": 10,
      "state": {
        "lit": "true",
        "part": "base"
      }
    },
    {
      "block": "mcwlights:soul_double_street_lamp",
      "color": "#dark_blue",
      "radius": 0,
      "state": {
        "lit": "false",
        "part": "base"
      }
    },
    {
      "block": "mcwlights:lava_lamp",
      "color": "#orange",
      "radius": 10,
      "state": {
        "lit": "true"
      }
    },
    {
      "block": "mcwlights:lava_lamp",
      "color": "#orange",
      "radius": 0,
      "state": {
        "lit": "false"
      }
    },
    {
      "block": "mcwlights:garden_light",
      "color": "#orange",
      "radius": 10,
      "state": {
        "lit": "true"
      }
    },
    {
      "block": "mcwlights:garden_light",
      "color": "#orange",
      "radius": 0,
      "state": {
        "lit": "false"
      }
    },
    {
      "block": "mcwlights:white_paper_lamp",
      "color": "#white",
      "radius": 10,
      "state": {
        "lit": "true"
      }
    },
    {
      "block": "mcwlights:white_paper_lamp",
      "color": "#white",
      "radius": 0,
      "state": {
        "lit": "false"
      }
    },
    {
      "block": "mcwlights:light_gray_paper_lamp",
      "color": "#light_gray",
      "radius": 10,
      "state": {
        "lit": "true"
      }
    },
    {
      "block": "mcwlights:light_gray_paper_lamp",
      "color": "#light_gray",
      "radius": 0,
      "state": {
        "lit": "false"
      }
    },
    {
      "block": "mcwlights:gray_paper_lamp",
      "color": "#gray",
      "radius": 10,
      "state": {
        "lit": "true"
      }
    },
    {
      "block": "mcwlights:gray_paper_lamp",
      "color": "#gray",
      "radius": 0,
      "state": {
        "lit": "false"
      }
    },
    {
      "block": "mcwlights:black_paper_lamp",
      "color": "#black",
      "radius": 10,
      "state": {
        "lit": "true"
      }
    },
    {
      "block": "mcwlights:black_paper_lamp",
      "color": "#black",
      "radius": 0,
      "state": {
        "lit": "false"
      }
    },
    {
      "block": "mcwlights:brown_paper_lamp",
      "color": "#brown",
      "radius": 10,
      "state": {
        "lit": "true"
      }
    },
    {
      "block": "mcwlights:brown_paper_lamp",
      "color": "#brown",
      "radius": 0,
      "state": {
        "lit": "false"
      }
    },
    {
      "block": "mcwlights:red_paper_lamp",
      "color": "#red",
      "radius": 10,
      "state": {
        "lit": "true"
      }
    },
    {
      "block": "mcwlights:red_paper_lamp",
      "color": "#red",
      "radius": 0,
      "state": {
        "lit": "false"
      }
    },
    {
      "block": "mcwlights:orange_paper_lamp",
      "color": "#orange",
      "radius": 10,
      "state": {
        "lit": "true"
      }
    },
    {
      "block": "mcwlights:orange_paper_lamp",
      "color": "#orange",
      "radius": 0,
      "state": {
        "lit": "false"
      }
    },
    {
      "block": "mcwlights:yellow_paper_lamp",
      "color": "#yellow",
      "radius": 10,
      "state": {
        "lit": "true"
      }
    },
    {
      "block": "mcwlights:yellow_paper_lamp",
      "color": "#yellow",
      "radius": 0,
      "state": {
        "lit": "false"
      }
    },
    {
      "block": "mcwlights:lime_paper_lamp",
      "color": "#lime",
      "radius": 10,
      "state": {
        "lit": "true"
      }
    },
    {
      "block": "mcwlights:lime_paper_lamp",
      "color": "#lime",
      "radius": 0,
      "state": {
        "lit": "false"
      }
    },
    {
      "block": "mcwlights:green_paper_lamp",
      "color": "#green",
      "radius": 10,
      "state": {
        "lit": "true"
      }
    },
    {
      "block": "mcwlights:green_paper_lamp",
      "color": "#green",
      "radius": 0,
      "state": {
        "lit": "false"
      }
    },
    {
      "block": "mcwlights:cyan_paper_lamp",
      "color": "#cyan",
      "radius": 10,
      "state": {
        "lit": "true"
      }
    },
    {
      "block": "mcwlights:cyan_paper_lamp",
      "color": "#cyan",
      "radius": 0,
      "state": {
        "lit": "false"
      }
    },
    {
      "block": "mcwlights:light_blue_paper_lamp",
      "color": "#blue",
      "radius": 10,
      "state": {
        "lit": "true"
      }
    },
    {
      "block": "mcwlights:light_blue_paper_lamp",
      "color": "#blue",
      "radius": 0,
      "state": {
        "lit": "false"
      }
    },
    {
      "block": "mcwlights:blue_paper_lamp",
      "color": "#blue",
      "radius": 10,
      "state": {
        "lit": "true"
      }
    },
    {
      "block": "mcwlights:blue_paper_lamp",
      "color": "#blue",
      "radius": 0,
      "state": {
        "lit": "false"
      }
    },
    {
      "block": "mcwlights:purple_paper_lamp",
      "color": "#purple",
      "radius": 10,
      "state": {
        "lit": "true"
      }
    },
    {
      "block": "mcwlights:purple_paper_lamp",
      "color": "#purple",
      "radius": 0,
      "state": {
        "lit": "false"
      }
    },
    {
      "block": "mcwlights:magenta_paper_lamp",
      "color": "#magenta",
      "radius": 10,
      "state": {
        "lit": "true"
      }
    },
    {
      "block": "mcwlights:magenta_paper_lamp",
      "color": "#magenta",
      "radius": 0,
      "state": {
        "lit": "false"
      }
    },
    {
      "block": "mcwlights:pink_paper_lamp",
      "color": "#pink",
      "radius": 10,
      "state": {
        "lit": "true"
      }
    },
    {
      "block": "mcwlights:pink_paper_lamp",
      "color": "#pink",
      "radius": 0,
      "state": {
        "lit": "false"
      }
    },
    {
      "block": "mcwlights:wall_lamp",
      "color": "#orange",
      "radius": 10,
      "state": {
        "lit": "true"
      }
    },
    {
      "block": "mcwlights:wall_lamp",
      "color": "#orange",
      "radius": 0,
      "state": {
        "lit": "false"
      }
    },
    {
      "block": "mcwlights:square_wall_lamp",
      "color": "#orange",
      "radius": 10,
      "state": {
        "lit": "true"
      }
    },
    {
      "block": "mcwlights:square_wall_lamp",
      "color": "#orange",
      "radius": 0,
      "state": {
        "lit": "false"
      }
    },
    {
      "block": "mcwlights:cherry_tiki_torch",
      "color": "#orange",
      "radius": 10,
      "state": {
        "lit": "true",
        "part": "base"
      }
    },
    {
      "block": "mcwlights:cherry_tiki_torch",
      "color": "#orange",
      "radius": 0,
      "state": {
        "lit": "false",
        "part": "base"
      }
    },
    {
      "block": "mcwlights:soul_cherry_tiki_torch",
      "color": "#dark_blue",
      "radius": 10,
      "state": {
        "lit": "true",
        "part": "base"
      }
    },
    {
      "block": "mcwlights:soul_cherry_tiki_torch",
      "color": "#dark_blue",
      "radius": 0,
      "state": {
        "lit": "false",
        "part": "base"
      }
    }
  ],
  "LightItem": [],
  "Bloom": []
}