{
  "ColorReference": {
    "black": {
      "r": 29,
      "g": 29,
      "b": 33,
      "a": 200
    },
    "red": {
      "r": 176,
      "g": 46,
      "b": 38,
      "a": 200
    },
    "green": {
      "r": 94,
      "g": 124,
      "b": 22,
      "a": 200
    },
    "brown": {
      "r": 131,
      "g": 84,
      "b": 50,
      "a": 200
    },
    "blue": {
      "r": 60,
      "g": 68,
      "b": 170,
      "a": 200
    },
    "purple": {
      "r": 137,
      "g": 50,
      "b": 184,
      "a": 200
    },
    "cyan": {
      "r": 22,
      "g": 156,
      "b": 156,
      "a": 200
    },
    "light_gray": {
      "r": 157,
      "g": 157,
      "b": 151,
      "a": 200
    },
    "gray": {
      "r": 71,
      "g": 79,
      "b": 82,
      "a": 200
    },
    "pink": {
      "r": 243,
      "g": 139,
      "b": 170,
      "a": 200
    },
    "lime": {
      "r": 128,
      "g": 199,
      "b": 31,
      "a": 200
    },
    "yellow": {
      "r": 254,
      "g": 216,
      "b": 61,
      "a": 200
    },
    "light_blue": {
      "r": 58,
      "g": 179,
      "b": 218,
      "a": 200
    },
    "magenta": {
      "r": 199,
      "g": 78,
      "b": 189,
      "a": 200
    },
    "orange": {
      "r": 249,
      "g": 128,
      "b": 29,
      "a": 200
    },
    "white": {
      "r": 249,
      "g": 255,
      "b": 254,
      "a": 200
    },
    "dark_blue": {
      "r": 0,
      "g": 0,
      "b": 204,
      "a": 200
    },
    "boricGreen": {
      "r": 41,
      "g": 200,
      "b": 50,
      "a": 50
    },
    "brightWhite": {
      "r": 150,
      "g": 150,
      "b": 150,
      "a": 50
    },
    "corundumBlack": {
      "r": 106,
      "g": 104,
      "b": 114,
      "a": 200
    },
    "corundumBlue": {
      "r": 64,
      "g": 197,
      "b": 235,
      "a": 200
    },
    "corundumGreen": {
      "r": 75,
      "g": 203,
      "b": 8,
      "a": 200
    },
    "corundumIndigo": {
      "r": 97,
      "g": 99,
      "b": 230,
      "a": 200
    },
    "corundumOrange": {
      "r": 240,
      "g": 127,
      "b": 0,
      "a": 200
    },
    "corundumRed": {
      "r": 255,
      "g": 37,
      "b": 68,
      "a": 200
    },
    "corundumViolet": {
      "r": 209,
      "g": 8,
      "b": 150,
      "a": 200
    },
    "corundumWhite": {
      "r": 215,
      "g": 226,
      "b": 237,
      "a": 200
    },
    "corundumYellow": {
      "r": 255,
      "g": 234,
      "b": 0,
      "a": 200
    },
    "darkPink": {
      "r": 120,
      "g": 24,
      "b": 70,
      "a": 200
    },
    "endPink": {
      "r": 100,
      "g": 26,
      "b": 99,
      "a": 200
    },
    "faintBlue": {
      "r": 27,
      "g": 75,
      "b": 110,
      "a": 50
    },
    "faintOrange": {
      "r": 120,
      "g": 55,
      "b": 0,
      "a": 50
    },
    "faintRed": {
      "r": 120,
      "g": 26,
      "b": 0,
      "a": 150
    },
    "faintWhite": {
      "r": 64,
      "g": 64,
      "b": 64,
      "a": 50
    },
    "glowstoneOrange": {
      "r": 255,
      "g": 100,
      "b": 0,
      "a": 50
    },
    "magmaRed": {
      "r": 255,
      "g": 26,
      "b": 0,
      "a": 150
    },
    "ochre": {
      "r": 150,
      "g": 85,
      "b": 0,
      "a": 50
    },
    "pastelOrange": {
      "r": 115,
      "g": 69,
      "b": 36,
      "a": 50
    },
    "pastelPurple": {
      "r": 150,
      "g": 75,
      "b": 255,
      "a": 255
    },
    "pearlescent": {
      "r": 50,
      "g": 0,
      "b": 100,
      "a": 50
    },
    "portalPurple": {
      "r": 47,
      "g": 2,
      "b": 187,
      "a": 200
    },
    "redstoneRed": {
      "r": 255,
      "g": 0,
      "b": 0,
      "a": 200
    },
    "shroomRed": {
      "r": 255,
      "g": 80,
      "b": 50,
      "a": 50
    },
    "soulBlue": {
      "r": 0,
      "g": 140,
      "b": 236,
      "a": 150
    },
    "soulGreen": {
      "r": 0,
      "g": 211,
      "b": 200,
      "a": 50
    },
    "verdant": {
      "r": 56,
      "g": 100,
      "b": 43,
      "a": 50
    }
  },
  "LightBlock": [
    {
      "block": "mekanism:basic_smelting_factory",
      "color": "#orange",
      "radius": 5
    },
    {
      "block": "mekanism:basic_enriching_factory",
      "color": "#orange",
      "radius": 5
    },
    {
      "block": "mekanism:basic_crushing_factory",
      "color": "#orange",
      "radius": 5
    },
    {
      "block": "mekanism:basic_compressing_factory",
      "color": "#orange",
      "radius": 5
    },
    {
      "block": "mekanism:basic_combining_factory",
      "color": "#orange",
      "radius": 5
    },
    {
      "block": "mekanism:basic_purifying_factory",
      "color": "#orange",
      "radius": 5
    },
    {
      "block": "mekanism:basic_injecting_factory",
      "color": "#orange",
      "radius": 5
    },
    {
      "block": "mekanism:basic_infusing_factory",
      "color": "#orange",
      "radius": 5
    },
    {
      "block": "mekanism:basic_sawing_factory",
      "color": "#orange",
      "radius": 5
    },
    {
      "block": "mekanism:advanced_smelting_factory",
      "color": "#orange",
      "radius": 5
    },
    {
      "block": "mekanism:advanced_enriching_factory",
      "color": "#orange",
      "radius": 5
    },
    {
      "block": "mekanism:advanced_crushing_factory",
      "color": "#orange",
      "radius": 5
    },
    {
      "block": "mekanism:advanced_compressing_factory",
      "color": "#orange",
      "radius": 5
    },
    {
      "block": "mekanism:advanced_combining_factory",
      "color": "#orange",
      "radius": 5
    },
    {
      "block": "mekanism:advanced_purifying_factory",
      "color": "#orange",
      "radius": 5
    },
    {
      "block": "mekanism:advanced_injecting_factory",
      "color": "#orange",
      "radius": 5
    },
    {
      "block": "mekanism:advanced_infusing_factory",
      "color": "#orange",
      "radius": 5
    },
    {
      "block": "mekanism:advanced_sawing_factory",
      "color": "#orange",
      "radius": 5
    },
    {
      "block": "mekanism:elite_smelting_factory",
      "color": "#orange",
      "radius": 5
    },
    {
      "block": "mekanism:elite_enriching_factory",
      "color": "#orange",
      "radius": 5
    },
    {
      "block": "mekanism:elite_crushing_factory",
      "color": "#orange",
      "radius": 5
    },
    {
      "block": "mekanism:elite_compressing_factory",
      "color": "#orange",
      "radius": 5
    },
    {
      "block": "mekanism:elite_combining_factory",
      "color": "#orange",
      "radius": 5
    },
    {
      "block": "mekanism:elite_purifying_factory",
      "color": "#orange",
      "radius": 5
    },
    {
      "block": "mekanism:elite_injecting_factory",
      "color": "#orange",
      "radius": 5
    },
    {
      "block": "mekanism:elite_infusing_factory",
      "color": "#orange",
      "radius": 5
    },
    {
      "block": "mekanism:elite_sawing_factory",
      "color": "#orange",
      "radius": 5
    },
    {
      "block": "mekanism:ultimate_smelting_factory",
      "color": "#orange",
      "radius": 5
    },
    {
      "block": "mekanism:ultimate_enriching_factory",
      "color": "#orange",
      "radius": 5
    },
    {
      "block": "mekanism:ultimate_crushing_factory",
      "color": "#orange",
      "radius": 5
    },
    {
      "block": "mekanism:ultimate_compressing_factory",
      "color": "#orange",
      "radius": 5
    },
    {
      "block": "mekanism:ultimate_combining_factory",
      "color": "#orange",
      "radius": 5
    },
    {
      "block": "mekanism:ultimate_purifying_factory",
      "color": "#orange",
      "radius": 5
    },
    {
      "block": "mekanism:ultimate_injecting_factory",
      "color": "#orange",
      "radius": 5
    },
    {
      "block": "mekanism:ultimate_infusing_factory",
      "color": "#orange",
      "radius": 5
    },
    {
      "block": "mekanism:ultimate_sawing_factory",
      "color": "#orange",
      "radius": 5
    },
    {
      "block": "mekanism:block_refined_obsidian",
      "color": "#orange",
      "radius": 5
    },
    {
      "block": "mekanism:block_refined_glowstone",
      "color": "#orange",
      "radius": 10
    },
    {
      "block": "mekanism:basic_bin",
      "color": "#orange",
      "radius": 5
    },
    {
      "block": "mekanism:advanced_bin",
      "color": "#orange",
      "radius": 5
    },
    {
      "block": "mekanism:elite_bin",
      "color": "#orange",
      "radius": 5
    },
    {
      "block": "mekanism:ultimate_bin",
      "color": "#orange",
      "radius": 5
    },
    {
      "block": "mekanism:creative_bin",
      "color": "#orange",
      "radius": 5
    },
    {
      "block": "mekanism:teleporter_frame",
      "color": "#orange",
      "radius": 2
    },
    {
      "block": "mekanism:superheating_element",
      "color": "#orange",
      "radius": 5
    },
    {
      "block": "mekanism:security_desk",
      "color": "#orange",
      "radius": 10
    },
    {
      "block": "mekanism:radioactive_waste_barrel",
      "color": "#orange",
      "radius": 5
    },
    {
      "block": "mekanism:industrial_alarm",
      "color": "#orange",
      "radius": 10
    },
    {
      "block": "mekanism:enrichment_chamber",
      "color": "#orange",
      "radius": 5
    },
    {
      "block": "mekanism:osmium_compressor",
      "color": "#orange",
      "radius": 5
    },
    {
      "block": "mekanism:combiner",
      "color": "#orange",
      "radius": 5
    },
    {
      "block": "mekanism:crusher",
      "color": "#orange",
      "radius": 5
    },
    {
      "block": "mekanism:digital_miner",
      "color": "#orange",
      "radius": 10
    },
    {
      "block": "mekanism:metallurgic_infuser",
      "color": "#orange",
      "radius": 5
    },
    {
      "block": "mekanism:purification_chamber",
      "color": "#orange",
      "radius": 5
    },
    {
      "block": "mekanism:energized_smelter",
      "color": "#orange",
      "radius": 5
    },
    {
      "block": "mekanism:teleporter",
      "color": "#orange",
      "radius": 2
    },
    {
      "block": "mekanism:electric_pump",
      "color": "#orange",
      "radius": 10
    },
    {
      "block": "mekanism:personal_chest",
      "color": "#orange",
      "radius": 10
    },
    {
      "block": "mekanism:chargepad",
      "color": "#orange",
      "radius": 5
    },
    {
      "block": "mekanism:logistical_sorter",
      "color": "#orange",
      "radius": 10
    },
    {
      "block": "mekanism:rotary_condensentrator",
      "color": "#orange",
      "radius": 5
    },
    {
      "block": "mekanism:chemical_oxidizer",
      "color": "#orange",
      "radius": 5
    },
    {
      "block": "mekanism:chemical_infuser",
      "color": "#orange",
      "radius": 5
    },
    {
      "block": "mekanism:chemical_injection_chamber",
      "color": "#orange",
      "radius": 5
    },
    {
      "block": "mekanism:electrolytic_separator",
      "color": "#orange",
      "radius": 5
    },
    {
      "block": "mekanism:precision_sawmill",
      "color": "#orange",
      "radius": 5
    },
    {
      "block": "mekanism:chemical_dissolution_chamber",
      "color": "#orange",
      "radius": 5
    },
    {
      "block": "mekanism:chemical_washer",
      "color": "#orange",
      "radius": 5
    },
    {
      "block": "mekanism:chemical_crystallizer",
      "color": "#orange",
      "radius": 5
    },
    {
      "block": "mekanism:seismic_vibrator",
      "color": "#orange",
      "radius": 5
    },
    {
      "block": "mekanism:pressurized_reaction_chamber",
      "color": "#orange",
      "radius": 5
    },
    {
      "block": "mekanism:isotopic_centrifuge",
      "color": "#orange",
      "radius": 5
    },
    {
      "block": "mekanism:nutritional_liquifier",
      "color": "#orange",
      "radius": 5
    },
    {
      "block": "mekanism:basic_fluid_tank",
      "color": "#orange",
      "radius": 5
    },
    {
      "block": "mekanism:advanced_fluid_tank",
      "color": "#orange",
      "radius": 5
    },
    {
      "block": "mekanism:elite_fluid_tank",
      "color": "#orange",
      "radius": 5
    },
    {
      "block": "mekanism:ultimate_fluid_tank",
      "color": "#orange",
      "radius": 5
    },
    {
      "block": "mekanism:creative_fluid_tank",
      "color": "#orange",
      "radius": 5
    },
    {
      "block": "mekanism:fluidic_plenisher",
      "color": "#orange",
      "radius": 10
    },
    {
      "block": "mekanism:laser",
      "color": "#orange",
      "radius": 10
    },
    {
      "block": "mekanism:laser_amplifier",
      "color": "#orange",
      "radius": 10
    },
    {
      "block": "mekanism:laser_tractor_beam",
      "color": "#orange",
      "radius": 10
    },
    {
      "block": "mekanism:quantum_entangloporter",
      "color": "#orange",
      "radius": 10
    },
    {
      "block": "mekanism:solar_neutron_activator",
      "color": "#orange",
      "radius": 10
    },
    {
      "block": "mekanism:resistive_heater",
      "color": "#orange",
      "radius": 9
    },
    {
      "block": "mekanism:formulaic_assemblicator",
      "color": "#orange",
      "radius": 5
    },
    {
      "block": "mekanism:fuelwood_heater",
      "color": "#orange",
      "radius": 9
    },
    {
      "block": "mekanism:modification_station",
      "color": "#orange",
      "radius": 10
    },
    {
      "block": "mekanism:antiprotonic_nucleosynthesizer",
      "color": "#orange",
      "radius": 5
    },
    {
      "block": "mekanism:pigment_extractor",
      "color": "#orange",
      "radius": 5
    },
    {
      "block": "mekanism:pigment_mixer",
      "color": "#orange",
      "radius": 5
    },
    {
      "block": "mekanism:painting_machine",
      "color": "#orange",
      "radius": 5
    },
    {
      "block": "mekanism:supercharged_coil",
      "color": "#orange",
      "radius": 10
    },
    {
      "block": "mekanism:dimensional_stabilizer",
      "color": "#orange",
      "radius": 5
    },
    {
      "block": "mekanism:qio_drive_array",
      "color": "#orange",
      "radius": 10
    },
    {
      "block": "mekanism:qio_dashboard",
      "color": "#orange",
      "radius": 10
    },
    {
      "block": "mekanism:qio_importer",
      "color": "#orange",
      "radius": 10
    },
    {
      "block": "mekanism:qio_exporter",
      "color": "#orange",
      "radius": 10
    },
    {
      "block": "mekanism:qio_redstone_adapter",
      "color": "#red",
      "radius": 10
    },
    {
      "block": "mekanism:basic_energy_cube",
      "color": "#orange",
      "radius": 10
    },
    {
      "block": "mekanism:advanced_energy_cube",
      "color": "#orange",
      "radius": 10
    },
    {
      "block": "mekanism:elite_energy_cube",
      "color": "#orange",
      "radius": 10
    },
    {
      "block": "mekanism:ultimate_energy_cube",
      "color": "#orange",
      "radius": 10
    },
    {
      "block": "mekanism:creative_energy_cube",
      "color": "#orange",
      "radius": 10
    },
    {
      "block": "mekanism:basic_universal_cable",
      "color": "#orange",
      "radius": 10
    },
    {
      "block": "mekanism:advanced_universal_cable",
      "color": "#orange",
      "radius": 10
    },
    {
      "block": "mekanism:elite_universal_cable",
      "color": "#orange",
      "radius": 10
    },
    {
      "block": "mekanism:ultimate_universal_cable",
      "color": "#orange",
      "radius": 10
    },
    {
      "block": "mekanism:basic_mechanical_pipe",
      "color": "#orange",
      "radius": 10
    },
    {
      "block": "mekanism:advanced_mechanical_pipe",
      "color": "#orange",
      "radius": 10
    },
    {
      "block": "mekanism:elite_mechanical_pipe",
      "color": "#orange",
      "radius": 10
    },
    {
      "block": "mekanism:ultimate_mechanical_pipe",
      "color": "#orange",
      "radius": 10
    },
    {
      "block": "mekanism:basic_pressurized_tube",
      "color": "#orange",
      "radius": 10
    },
    {
      "block": "mekanism:advanced_pressurized_tube",
      "color": "#orange",
      "radius": 10
    },
    {
      "block": "mekanism:elite_pressurized_tube",
      "color": "#orange",
      "radius": 10
    },
    {
      "block": "mekanism:ultimate_pressurized_tube",
      "color": "#orange",
      "radius": 10
    },
    {
      "block": "mekanism:basic_logistical_transporter",
      "color": "#orange",
      "radius": 10
    },
    {
      "block": "mekanism:advanced_logistical_transporter",
      "color": "#orange",
      "radius": 10
    },
    {
      "block": "mekanism:elite_logistical_transporter",
      "color": "#orange",
      "radius": 10
    },
    {
      "block": "mekanism:ultimate_logistical_transporter",
      "color": "#orange",
      "radius": 10
    },
    {
      "block": "mekanism:restrictive_transporter",
      "color": "#orange",
      "radius": 10
    },
    {
      "block": "mekanism:diversion_transporter",
      "color": "#orange",
      "radius": 10
    },
    {
      "block": "mekanism:basic_thermodynamic_conductor",
      "color": "#orange",
      "radius": 10
    },
    {
      "block": "mekanism:advanced_thermodynamic_conductor",
      "color": "#orange",
      "radius": 10
    },
    {
      "block": "mekanism:elite_thermodynamic_conductor",
      "color": "#orange",
      "radius": 10
    },
    {
      "block": "mekanism:ultimate_thermodynamic_conductor",
      "color": "#orange",
      "radius": 10
    },
    {
      "block": "mekanism:bounding_block",
      "color": "#orange",
      "radius": 10
    },
    {
      "block": "mekanism:basic_chemical_tank",
      "color": "#orange",
      "radius": 10
    },
    {
      "block": "mekanism:advanced_chemical_tank",
      "color": "#orange",
      "radius": 10
    },
    {
      "block": "mekanism:elite_chemical_tank",
      "color": "#orange",
      "radius": 10
    },
    {
      "block": "mekanism:ultimate_chemical_tank",
      "color": "#orange",
      "radius": 10
    },
    {
      "block": "mekanism:creative_chemical_tank",
      "color": "#orange",
      "radius": 10
    }
  ],
  "LightItem": [],
  "Bloom": [
    {
      "particle": "mekanism:laser"
    },
    {
      "particle": "mekanism:jetpack_flame"
    },
    {
      "particle": "mekanism:radiation"
    },
    {
      "fluid": "mekanism:uranium_oxide"
    },
    {
      "fluid": "mekanism:flowing_uranium_oxide"
    },
    {
      "fluid": "mekanism:uranium_hexafluoride"
    },
    {
      "fluid": "mekanism:flowing_uranium_hexafluoride"
    },
    {
      "fluid": "mekanism:superheated_sodium"
    },
    {
      "fluid": "mekanism:flowing_superheated_sodium"
    },
    {
      "fluid": "mekanism:lithium"
    },
    {
      "fluid": "mekanism:flowing_lithium"
    }
  ]
}