{
  "ColorReference": {
    "black": {
      "r": 29,
      "g": 29,
      "b": 33,
      "a": 200
    },
    "red": {
      "r": 176,
      "g": 46,
      "b": 38,
      "a": 200
    },
    "green": {
      "r": 94,
      "g": 124,
      "b": 22,
      "a": 200
    },
    "brown": {
      "r": 131,
      "g": 84,
      "b": 50,
      "a": 200
    },
    "blue": {
      "r": 60,
      "g": 68,
      "b": 170,
      "a": 200
    },
    "purple": {
      "r": 137,
      "g": 50,
      "b": 184,
      "a": 200
    },
    "cyan": {
      "r": 22,
      "g": 156,
      "b": 156,
      "a": 200
    },
    "light_gray": {
      "r": 157,
      "g": 157,
      "b": 151,
      "a": 200
    },
    "gray": {
      "r": 71,
      "g": 79,
      "b": 82,
      "a": 200
    },
    "pink": {
      "r": 243,
      "g": 139,
      "b": 170,
      "a": 200
    },
    "lime": {
      "r": 128,
      "g": 199,
      "b": 31,
      "a": 200
    },
    "yellow": {
      "r": 254,
      "g": 216,
      "b": 61,
      "a": 200
    },
    "light_blue": {
      "r": 58,
      "g": 179,
      "b": 218,
      "a": 200
    },
    "magenta": {
      "r": 199,
      "g": 78,
      "b": 189,
      "a": 200
    },
    "orange": {
      "r": 249,
      "g": 128,
      "b": 29,
      "a": 200
    },
    "white": {
      "r": 249,
      "g": 255,
      "b": 254,
      "a": 200
    },
    "dark_blue": {
      "r": 0,
      "g": 0,
      "b": 204,
      "a": 200
    },
    "boricGreen": {
      "r": 41,
      "g": 200,
      "b": 50,
      "a": 50
    },
    "brightWhite": {
      "r": 150,
      "g": 150,
      "b": 150,
      "a": 50
    },
    "corundumBlack": {
      "r": 106,
      "g": 104,
      "b": 114,
      "a": 200
    },
    "corundumBlue": {
      "r": 64,
      "g": 197,
      "b": 235,
      "a": 200
    },
    "corundumGreen": {
      "r": 75,
      "g": 203,
      "b": 8,
      "a": 200
    },
    "corundumIndigo": {
      "r": 97,
      "g": 99,
      "b": 230,
      "a": 200
    },
    "corundumOrange": {
      "r": 240,
      "g": 127,
      "b": 0,
      "a": 200
    },
    "corundumRed": {
      "r": 255,
      "g": 37,
      "b": 68,
      "a": 200
    },
    "corundumViolet": {
      "r": 209,
      "g": 8,
      "b": 150,
      "a": 200
    },
    "corundumWhite": {
      "r": 215,
      "g": 226,
      "b": 237,
      "a": 200
    },
    "corundumYellow": {
      "r": 255,
      "g": 234,
      "b": 0,
      "a": 200
    },
    "darkPink": {
      "r": 120,
      "g": 24,
      "b": 70,
      "a": 200
    },
    "endPink": {
      "r": 100,
      "g": 26,
      "b": 99,
      "a": 200
    },
    "faintBlue": {
      "r": 27,
      "g": 75,
      "b": 110,
      "a": 50
    },
    "faintOrange": {
      "r": 120,
      "g": 55,
      "b": 0,
      "a": 50
    },
    "faintRed": {
      "r": 120,
      "g": 26,
      "b": 0,
      "a": 150
    },
    "faintWhite": {
      "r": 64,
      "g": 64,
      "b": 64,
      "a": 50
    },
    "glowstoneOrange": {
      "r": 255,
      "g": 100,
      "b": 0,
      "a": 50
    },
    "magmaRed": {
      "r": 255,
      "g": 26,
      "b": 0,
      "a": 150
    },
    "ochre": {
      "r": 150,
      "g": 85,
      "b": 0,
      "a": 50
    },
    "pastelOrange": {
      "r": 115,
      "g": 69,
      "b": 36,
      "a": 50
    },
    "pastelPurple": {
      "r": 150,
      "g": 75,
      "b": 255,
      "a": 255
    },
    "pearlescent": {
      "r": 50,
      "g": 0,
      "b": 100,
      "a": 50
    },
    "portalPurple": {
      "r": 47,
      "g": 2,
      "b": 187,
      "a": 200
    },
    "redstoneRed": {
      "r": 255,
      "g": 0,
      "b": 0,
      "a": 200
    },
    "shroomRed": {
      "r": 255,
      "g": 80,
      "b": 50,
      "a": 50
    },
    "soulBlue": {
      "r": 0,
      "g": 140,
      "b": 236,
      "a": 150
    },
    "soulGreen": {
      "r": 0,
      "g": 211,
      "b": 200,
      "a": 50
    },
    "verdant": {
      "r": 56,
      "g": 100,
      "b": 43,
      "a": 50
    }
  },
  "LightBlock": [
    {
      "block": "supplementaries:safe",
      "color": "#orange",
      "radius": 10
    },
    {
      "block": "supplementaries:cage",
      "color": "#orange",
      "radius": 1
    },
    {
      "block": "supplementaries:jar",
      "color": "#orange",
      "radius": 1
    },
    {
      "block": "supplementaries:sconce",
      "color": "#orange",
      "radius": 9,
      "state": {
        "lit": "true"
      }
    },
    {
      "block": "supplementaries:sconce",
      "color": "#orange",
      "radius": 0,
      "state": {
        "lit": "false"
      }
    },
    {
      "block": "supplementaries:sconce_wall",
      "color": "#orange",
      "radius": 9,
      "state": {
        "lit": "true"
      }
    },
    {
      "block": "supplementaries:sconce_wall",
      "color": "#orange",
      "radius": 0,
      "state": {
        "lit": "false"
      }
    },
    {
      "block": "supplementaries:sconce_soul",
      "color": "#dark_blue",
      "radius": 7,
      "state": {
        "lit": "true"
      }
    },
    {
      "block": "supplementaries:sconce_soul",
      "color": "#dark_blue",
      "radius": 0,
      "state": {
        "lit": "false"
      }
    },
    {
      "block": "supplementaries:sconce_wall_soul",
      "color": "#dark_blue",
      "radius": 7,
      "state": {
        "lit": "true"
      }
    },
    {
      "block": "supplementaries:sconce_wall_soul",
      "color": "#dark_blue",
      "radius": 0,
      "state": {
        "lit": "false"
      }
    },
    {
      "block": "supplementaries:sconce_green",
      "color": "#green",
      "radius": 9,
      "state": {
        "lit": "true"
      }
    },
    {
      "block": "supplementaries:sconce_green",
      "color": "#green",
      "radius": 0,
      "state": {
        "lit": "false"
      }
    },
    {
      "block": "supplementaries:sconce_wall_green",
      "color": "#green",
      "radius": 9,
      "state": {
        "lit": "true"
      }
    },
    {
      "block": "supplementaries:sconce_wall_green",
      "color": "#green",
      "radius": 0,
      "state": {
        "lit": "false"
      }
    },
    {
      "block": "supplementaries:candle_holder",
      "color": "#orange",
      "radius": 6,
      "state": {
        "lit": "true"
      }
    },
    {
      "block": "supplementaries:candle_holder",
      "color": "#orange",
      "radius": 0,
      "state": {
        "lit": "false"
      }
    },
    {
      "block": "supplementaries:candle_holder_white",
      "color": "#white",
      "radius": 6,
      "state": {
        "lit": "true"
      }
    },
    {
      "block": "supplementaries:candle_holder_white",
      "color": "#white",
      "radius": 0,
      "state": {
        "lit": "false"
      }
    },
    {
      "block": "supplementaries:candle_holder_light_gray",
      "color": "#light_gray",
      "radius": 6,
      "state": {
        "lit": "true"
      }
    },
    {
      "block": "supplementaries:candle_holder_light_gray",
      "color": "#light_gray",
      "radius": 0,
      "state": {
        "lit": "false"
      }
    },
    {
      "block": "supplementaries:candle_holder_gray",
      "color": "#gray",
      "radius": 6,
      "state": {
        "lit": "true"
      }
    },
    {
      "block": "supplementaries:candle_holder_gray",
      "color": "#gray",
      "radius": 0,
      "state": {
        "lit": "false"
      }
    },
    {
      "block": "supplementaries:candle_holder_black",
      "color": "#black",
      "radius": 6,
      "state": {
        "lit": "true"
      }
    },
    {
      "block": "supplementaries:candle_holder_black",
      "color": "#black",
      "radius": 0,
      "state": {
        "lit": "false"
      }
    },
    {
      "block": "supplementaries:candle_holder_brown",
      "color": "#brown",
      "radius": 6,
      "state": {
        "lit": "true"
      }
    },
    {
      "block": "supplementaries:candle_holder_brown",
      "color": "#brown",
      "radius": 0,
      "state": {
        "lit": "false"
      }
    },
    {
      "block": "supplementaries:candle_holder_red",
      "color": "#red",
      "radius": 6,
      "state": {
        "lit": "true"
      }
    },
    {
      "block": "supplementaries:candle_holder_red",
      "color": "#red",
      "radius": 0,
      "state": {
        "lit": "false"
      }
    },
    {
      "block": "supplementaries:candle_holder_orange",
      "color": "#orange",
      "radius": 6,
      "state": {
        "lit": "true"
      }
    },
    {
      "block": "supplementaries:candle_holder_orange",
      "color": "#orange",
      "radius": 0,
      "state": {
        "lit": "false"
      }
    },
    {
      "block": "supplementaries:candle_holder_yellow",
      "color": "#yellow",
      "radius": 6,
      "state": {
        "lit": "true"
      }
    },
    {
      "block": "supplementaries:candle_holder_yellow",
      "color": "#yellow",
      "radius": 0,
      "state": {
        "lit": "false"
      }
    },
    {
      "block": "supplementaries:candle_holder_lime",
      "color": "#lime",
      "radius": 6,
      "state": {
        "lit": "true"
      }
    },
    {
      "block": "supplementaries:candle_holder_lime",
      "color": "#lime",
      "radius": 0,
      "state": {
        "lit": "false"
      }
    },
    {
      "block": "supplementaries:candle_holder_green",
      "color": "#green",
      "radius": 6,
      "state": {
        "lit": "true"
      }
    },
    {
      "block": "supplementaries:candle_holder_green",
      "color": "#green",
      "radius": 0,
      "state": {
        "lit": "false"
      }
    },
    {
      "block": "supplementaries:candle_holder_cyan",
      "color": "#cyan",
      "radius": 6,
      "state": {
        "lit": "true"
      }
    },
    {
      "block": "supplementaries:candle_holder_cyan",
      "color": "#cyan",
      "radius": 0,
      "state": {
        "lit": "false"
      }
    },
    {
      "block": "supplementaries:candle_holder_light_blue",
      "color": "#blue",
      "radius": 6,
      "state": {
        "lit": "true"
      }
    },
    {
      "block": "supplementaries:candle_holder_light_blue",
      "color": "#blue",
      "radius": 0,
      "state": {
        "lit": "false"
      }
    },
    {
      "block": "supplementaries:candle_holder_blue",
      "color": "#blue",
      "radius": 6,
      "state": {
        "lit": "true"
      }
    },
    {
      "block": "supplementaries:candle_holder_blue",
      "color": "#blue",
      "radius": 0,
      "state": {
        "lit": "false"
      }
    },
    {
      "block": "supplementaries:candle_holder_purple",
      "color": "#purple",
      "radius": 6,
      "state": {
        "lit": "true"
      }
    },
    {
      "block": "supplementaries:candle_holder_purple",
      "color": "#purple",
      "radius": 0,
      "state": {
        "lit": "false"
      }
    },
    {
      "block": "supplementaries:candle_holder_magenta",
      "color": "#magenta",
      "radius": 6,
      "state": {
        "lit": "true"
      }
    },
    {
      "block": "supplementaries:candle_holder_magenta",
      "color": "#magenta",
      "radius": 0,
      "state": {
        "lit": "false"
      }
    },
    {
      "block": "supplementaries:candle_holder_pink",
      "color": "#pink",
      "radius": 6,
      "state": {
        "lit": "true"
      }
    },
    {
      "block": "supplementaries:candle_holder_pink",
      "color": "#pink",
      "radius": 0,
      "state": {
        "lit": "false"
      }
    },
    {
      "block": "supplementaries:goblet",
      "color": "#orange",
      "radius": 1
    },
    {
      "block": "supplementaries:hourglass",
      "color": "#orange",
      "radius": 1
    },
    {
      "block": "supplementaries:redstone_illuminator",
      "color": "#red",
      "radius": 0,
      "state": {
        "power": "0"
      }
    },
    {
      "block": "supplementaries:clock_block",
      "color": "#orange",
      "radius": 1
    },
    {
      "block": "supplementaries:crystal_display",
      "color": "#orange",
      "radius": 0,
      "state": {
        "power": "1"
      }
    },
    {
      "block": "supplementaries:sconce_lever",
      "color": "#orange",
      "radius": 9,
      "state": {
        "lit": "true"
      }
    },
    {
      "block": "supplementaries:sconce_lever",
      "color": "#orange",
      "radius": 0,
      "state": {
        "lit": "false"
      }
    },
    {
      "block": "supplementaries:faucet",
      "color": "#orange",
      "radius": 1
    },
    {
      "block": "supplementaries:netherite_trapdoor",
      "color": "#orange",
      "radius": 10
    },
    {
      "block": "supplementaries:wall_lantern",
      "color": "#orange",
      "radius": 3,
      "state": {
        "lit": "true"
      }
    },
    {
      "block": "supplementaries:wall_lantern",
      "color": "#orange",
      "radius": 0,
      "state": {
        "lit": "false"
      }
    },
    {
      "block": "supplementaries:hanging_flower_pot",
      "color": "#orange",
      "radius": 1
    },
    {
      "block": "supplementaries:block_generator",
      "color": "#orange",
      "radius": 9
    },
    {
      "block": "supplementaries:blaze_rod",
      "color": "#orange",
      "radius": 8
    },
    {
      "block": "supplementaries:timber_frame",
      "color": "#orange",
      "radius": 1
    },
    {
      "block": "supplementaries:timber_brace",
      "color": "#orange",
      "radius": 1
    },
    {
      "block": "supplementaries:timber_cross_brace",
      "color": "#orange",
      "radius": 1
    },
    {
      "block": "supplementaries:stone_lamp",
      "color": "#orange",
      "radius": 10
    },
    {
      "block": "supplementaries:blackstone_lamp",
      "color": "#black",
      "radius": 10
    },
    {
      "block": "supplementaries:deepslate_lamp",
      "color": "#orange",
      "radius": 10
    },
    {
      "block": "supplementaries:end_stone_lamp",
      "color": "#orange",
      "radius": 10
    },
    {
      "block": "supplementaries:flower_box",
      "color": "#orange",
      "radius": 1
    },
    {
      "block": "supplementaries:statue",
      "color": "#orange",
      "radius": 5,
      "state": {
        "lit": "true"
      }
    },
    {
      "block": "supplementaries:statue",
      "color": "#orange",
      "radius": 0,
      "state": {
        "lit": "false"
      }
    },
    {
      "block": "supplementaries:skull_candle",
      "color": "#orange",
      "radius": 2,
      "state": {
        "lit": "true"
      }
    },
    {
      "block": "supplementaries:skull_candle",
      "color": "#orange",
      "radius": 0,
      "state": {
        "lit": "false"
      }
    },
    {
      "block": "supplementaries:skull_candle_wall",
      "color": "#orange",
      "radius": 2,
      "state": {
        "lit": "true"
      }
    },
    {
      "block": "supplementaries:skull_candle_wall",
      "color": "#orange",
      "radius": 0,
      "state": {
        "lit": "false"
      }
    },
    {
      "block": "supplementaries:skull_candle_soul",
      "color": "#dark_blue",
      "radius": 2,
      "state": {
        "lit": "true"
      }
    },
    {
      "block": "supplementaries:skull_candle_soul",
      "color": "#dark_blue",
      "radius": 0,
      "state": {
        "lit": "false"
      }
    },
    {
      "block": "supplementaries:skull_candle_soul_wall",
      "color": "#dark_blue",
      "radius": 2,
      "state": {
        "lit": "true"
      }
    },
    {
      "block": "supplementaries:skull_candle_soul_wall",
      "color": "#dark_blue",
      "radius": 0,
      "state": {
        "lit": "false"
      }
    }
  ],
  "LightItem": [],
  "Bloom": [
    {
      "particle": "supplementaries:speaker_sound"
    },
    {
      "particle": "supplementaries:green_flame"
    },
    {
      "particle": "supplementaries:dripping_liquid"
    },
    {
      "particle": "supplementaries:falling_liquid"
    },
    {
      "particle": "supplementaries:splashing_liquid"
    },
    {
      "particle": "supplementaries:bomb_explosion"
    },
    {
      "particle": "supplementaries:bomb_explosion_emitter"
    },
    {
      "particle": "supplementaries:bottling_xp"
    },
    {
      "particle": "supplementaries:feather"
    },
    {
      "particle": "supplementaries:air_burst"
    },
    {
      "particle": "supplementaries:stasis"
    },
    {
      "particle": "supplementaries:rotation_trail"
    },
    {
      "particle": "supplementaries:rotation_trail_emitter"
    },
    {
      "particle": "supplementaries:suds"
    }
  ]
}